"gateway ID","node MAC","UTC timestamp","us count","frequency","RF chain","RX chain","status","size","modulation","bandwidth","datarate","coderate","RSSI","SNR","payload"
"AA555A0000000101","","2019-11-14 10:19:09.739Z",3555564276, 864300000,0, 1,"CRC_OK" , 32,"LORA",125000,"SF8"   ,"4/5",-106, +0.0,"02000000-20050000-00000000-00000000-00000000-00000000-00000000-00000000"
"AA555A0000000101","","2019-11-14 10:19:13.193Z",3559017452, 864100000,0, 0,"CRC_OK" , 32,"LORA",125000,"SF8"   ,"4/5",-103, +9.0,"01000000-21050000-00000000-00000000-00000000-00000000-00000000-00000000"
"AA555A0000000101","","2019-11-14 10:19:19.751Z",3565574764, 864300000,0, 1,"CRC_OK" , 32,"LORA",125000,"SF8"   ,"4/5",-105, +6.0,"02000000-21050000-00000000-00000000-00000000-00000000-00000000-00000000"
"AA555A0000000101","","2019-11-14 10:19:23.205Z",3569027964, 864100000,0, 0,"CRC_OK" , 32,"LORA",125000,"SF8"   ,"4/5",-93, +7.8,"01000000-22050000-00000000-00000000-00000000-00000000-00000000-00000000"
"AA555A0000000101","","2019-11-14 10:19:29.762Z",3575585276, 864300000,0, 1,"CRC_OK" , 32,"LORA",125000,"SF8"   ,"4/5",-93,+12.8,"02000000-22050000-00000000-00000000-00000000-00000000-00000000-00000000"
"AA555A0000000101","","2019-11-14 10:19:33.216Z",3579038468, 864100000,0, 0,"CRC_OK" , 32,"LORA",125000,"SF8"   ,"4/5",-87,+12.0,"01000000-23050000-00000000-00000000-00000000-00000000-00000000-00000000"
"AA555A0000000101","","2019-11-14 10:19:39.771Z",3585595764, 864300000,0, 1,"CRC_OK" , 32,"LORA",125000,"SF8"   ,"4/5",-78,+11.8,"02000000-23050000-00000000-00000000-00000000-00000000-00000000-00000000"
"AA555A0000000101","","2019-11-14 10:19:43.225Z",3589048988, 864100000,0, 0,"CRC_OK" , 32,"LORA",125000,"SF8"   ,"4/5",-61,+12.0,"01000000-24050000-00000000-00000000-00000000-00000000-00000000-00000000"
"AA555A0000000101","","2019-11-14 10:19:49.783Z",3595606268, 864300000,0, 1,"CRC_OK" , 32,"LORA",125000,"SF8"   ,"4/5",-87,+12.2,"02000000-24050000-00000000-00000000-00000000-00000000-00000000-00000000"
"AA555A0000000101","","2019-11-14 10:19:53.235Z",3599059492, 864100000,0, 0,"CRC_OK" , 32,"LORA",125000,"SF8"   ,"4/5",-83,+12.2,"01000000-25050000-00000000-00000000-00000000-00000000-00000000-00000000"
"AA555A0000000101","","2019-11-14 10:19:59.795Z",3605616772, 864300000,0, 1,"CRC_OK" , 32,"LORA",125000,"SF8"   ,"4/5",-75,+11.5,"02000000-25050000-00000000-00000000-00000000-00000000-00000000-00000000"
"AA555A0000000101","","2019-11-14 10:20:03.245Z",3609070012, 864100000,0, 0,"CRC_OK" , 32,"LORA",125000,"SF8"   ,"4/5",-78,+11.5,"01000000-26050000-00000000-00000000-00000000-00000000-00000000-00000000"
"AA555A0000000101","","2019-11-14 10:20:09.803Z",3615627276, 864300000,0, 1,"CRC_OK" , 32,"LORA",125000,"SF8"   ,"4/5",-73,+12.2,"02000000-26050000-00000000-00000000-00000000-00000000-00000000-00000000"
"AA555A0000000101","","2019-11-14 10:20:13.257Z",3619080524, 864100000,0, 0,"CRC_OK" , 32,"LORA",125000,"SF8"   ,"4/5",-67,+13.0,"01000000-27050000-00000000-00000000-00000000-00000000-00000000-00000000"
"AA555A0000000101","","2019-11-14 10:20:19.815Z",3625637772, 864300000,0, 1,"CRC_OK" , 32,"LORA",125000,"SF8"   ,"4/5",-77,+11.2,"02000000-27050000-00000000-00000000-00000000-00000000-00000000-00000000"
"AA555A0000000101","","2019-11-14 10:20:23.266Z",3629091036, 864100000,0, 0,"CRC_OK" , 32,"LORA",125000,"SF8"   ,"4/5",-66,+13.0,"01000000-28050000-00000000-00000000-00000000-00000000-00000000-00000000"
"AA555A0000000101","","2019-11-14 10:20:29.824Z",3635648276, 864300000,0, 1,"CRC_OK" , 32,"LORA",125000,"SF8"   ,"4/5",-69,+12.8,"02000000-28050000-00000000-00000000-00000000-00000000-00000000-00000000"
"AA555A0000000101","","2019-11-14 10:20:33.278Z",3639101540, 864100000,0, 0,"CRC_OK" , 32,"LORA",125000,"SF8"   ,"4/5",-63,+12.8,"01000000-29050000-00000000-00000000-00000000-00000000-00000000-00000000"
"AA555A0000000101","","2019-11-14 10:20:39.835Z",3645658764, 864300000,0, 1,"CRC_OK" , 32,"LORA",125000,"SF8"   ,"4/5",-73,+10.0,"02000000-29050000-00000000-00000000-00000000-00000000-00000000-00000000"
"AA555A0000000101","","2019-11-14 10:20:43.288Z",3649112060, 864100000,0, 0,"CRC_OK" , 32,"LORA",125000,"SF8"   ,"4/5",-55,+11.0,"01000000-2A050000-00000000-00000000-00000000-00000000-00000000-00000000"
"AA555A0000000101","","2019-11-14 10:20:49.847Z",3655669268, 864300000,0, 1,"CRC_OK" , 32,"LORA",125000,"SF8"   ,"4/5",-53,+12.5,"02000000-2A050000-00000000-00000000-00000000-00000000-00000000-00000000"
"AA555A0000000101","","2019-11-14 10:20:53.301Z",3659122572, 864100000,0, 0,"CRC_OK" , 32,"LORA",125000,"SF8"   ,"4/5",-39,+12.2,"01000000-2B050000-00000000-00000000-00000000-00000000-00000000-00000000"
"AA555A0000000101","","2019-11-14 10:20:59.857Z",3665679764, 864300000,0, 1,"CRC_OK" , 32,"LORA",125000,"SF8"   ,"4/5",-61,+12.2,"02000000-2B050000-00000000-00000000-00000000-00000000-00000000-00000000"
"AA555A0000000101","","2019-11-14 10:21:03.311Z",3669133084, 864100000,0, 0,"CRC_OK" , 32,"LORA",125000,"SF8"   ,"4/5",-51,+12.5,"01000000-2C050000-00000000-00000000-00000000-00000000-00000000-00000000"
"AA555A0000000101","","2019-11-14 10:21:09.866Z",3675690260, 864300000,0, 1,"CRC_OK" , 32,"LORA",125000,"SF8"   ,"4/5",-55,+11.0,"02000000-2C050000-00000000-00000000-00000000-00000000-00000000-00000000"
"AA555A0000000101","","2019-11-14 10:21:13.320Z",3679143596, 864100000,0, 0,"CRC_OK" , 32,"LORA",125000,"SF8"   ,"4/5",-54,+11.2,"01000000-2D050000-00000000-00000000-00000000-00000000-00000000-00000000"
"AA555A0000000101","","2019-11-14 10:21:19.878Z",3685700756, 864300000,0, 1,"CRC_OK" , 32,"LORA",125000,"SF8"   ,"4/5",-61,+12.8,"02000000-2D050000-00000000-00000000-00000000-00000000-00000000-00000000"
"AA555A0000000101","","2019-11-14 10:21:23.331Z",3689154116, 864100000,0, 0,"CRC_OK" , 32,"LORA",125000,"SF8"   ,"4/5",-57,+10.8,"01000000-2E050000-00000000-00000000-00000000-00000000-00000000-00000000"
"AA555A0000000101","","2019-11-14 10:21:29.889Z",3695711260, 864300000,0, 1,"CRC_OK" , 32,"LORA",125000,"SF8"   ,"4/5",-69,+10.8,"02000000-2E050000-00000000-00000000-00000000-00000000-00000000-00000000"
"AA555A0000000101","","2019-11-14 10:21:33.340Z",3699164620, 864100000,0, 0,"CRC_OK" , 32,"LORA",125000,"SF8"   ,"4/5",-79,+13.0,"01000000-2F050000-00000000-00000000-00000000-00000000-00000000-00000000"
"AA555A0000000101","","2019-11-14 10:21:39.898Z",3705721756, 864300000,0, 1,"CRC_OK" , 32,"LORA",125000,"SF8"   ,"4/5",-65,+12.0,"02000000-2F050000-00000000-00000000-00000000-00000000-00000000-00000000"
"AA555A0000000101","","2019-11-14 10:21:43.352Z",3709175124, 864100000,0, 0,"CRC_OK" , 32,"LORA",125000,"SF8"   ,"4/5",-89,+11.2,"01000000-30050000-00000000-00000000-00000000-00000000-00000000-00000000"
"AA555A0000000101","","2019-11-14 10:21:49.910Z",3715732252, 864300000,0, 1,"CRC_OK" , 32,"LORA",125000,"SF8"   ,"4/5",-65,+12.5,"02000000-30050000-00000000-00000000-00000000-00000000-00000000-00000000"
"AA555A0000000101","","2019-11-14 10:21:53.364Z",3719185636, 864100000,0, 0,"CRC_OK" , 32,"LORA",125000,"SF8"   ,"4/5",-106, +2.5,"01000000-31050000-00000000-00000000-00000000-00000000-00000000-00000000"
"AA555A0000000101","","2019-11-14 10:21:59.920Z",3725742748, 864300000,0, 1,"CRC_OK" , 32,"LORA",125000,"SF8"   ,"4/5",-107, -0.2,"02000000-31050000-00000000-00000000-00000000-00000000-00000000-00000000"
"AA555A0000000101","","2019-11-14 10:22:09.931Z",3735753252, 864300000,0, 1,"CRC_OK" , 32,"LORA",125000,"SF8"   ,"4/5",-107, -8.0,"02000000-32050000-00000000-00000000-00000000-00000000-00000000-00000000"
"AA555A0000000101","","2019-11-14 10:22:13.384Z",3739206660, 864100000,0, 0,"CRC_OK" , 32,"LORA",125000,"SF8"   ,"4/5",-108, -7.8,"01000000-33050000-00000000-00000000-00000000-00000000-00000000-00000000"
"AA555A0000000101","","2019-11-14 10:22:19.940Z",3745763756, 864300000,0, 1,"CRC_OK" , 32,"LORA",125000,"SF8"   ,"4/5",-107, -0.5,"02000000-33050000-00000000-00000000-00000000-00000000-00000000-00000000"
"AA555A0000000101","","2019-11-14 10:22:29.950Z",3755774252, 864300000,0, 1,"CRC_OK" , 32,"LORA",125000,"SF8"   ,"4/5",-106, +0.5,"02000000-34050000-00000000-00000000-00000000-00000000-00000000-00000000"
"AA555A0000000101","","2019-11-14 10:22:39.961Z",3765784748, 864300000,0, 1,"CRC_OK" , 32,"LORA",125000,"SF8"   ,"4/5",-108, -7.0,"02000000-35050000-00000000-00000000-00000000-00000000-00000000-00000000"
"AA555A0000000101","","2019-11-14 10:22:49.972Z",3775795244, 864300000,0, 1,"CRC_OK" , 32,"LORA",125000,"SF8"   ,"4/5",-108, -6.5,"02000000-36050000-00000000-00000000-00000000-00000000-00000000-00000000"
"AA555A0000000101","","2019-11-14 10:22:53.426Z",3779248692, 864100000,0, 0,"CRC_OK" , 32,"LORA",125000,"SF8"   ,"4/5",-109,-10.2,"01000000-37050000-00000000-00000000-00000000-00000000-00000000-00000000"
"AA555A0000000101","","2019-11-14 10:22:59.982Z",3785805748, 864300000,0, 1,"CRC_OK" , 32,"LORA",125000,"SF8"   ,"4/5",-107, +1.0,"02000000-37050000-00000000-00000000-00000000-00000000-00000000-00000000"
"AA555A0000000101","","2019-11-14 10:23:03.437Z",3789259196, 864100000,0, 0,"CRC_OK" , 32,"LORA",125000,"SF8"   ,"4/5",-109, -7.0,"01000000-38050000-00000000-00000000-00000000-00000000-00000000-00000000"
"AA555A0000000101","","2019-11-14 10:23:09.991Z",3795816236, 864300000,0, 1,"CRC_OK" , 32,"LORA",125000,"SF8"   ,"4/5",-103, +0.0,"02000000-38050000-00000000-00000000-00000000-00000000-00000000-00000000"
"AA555A0000000101","","2019-11-14 10:23:13.445Z",3799269700, 864100000,0, 0,"CRC_OK" , 32,"LORA",125000,"SF8"   ,"4/5",-108, -8.5,"01000000-39050000-00000000-00000000-00000000-00000000-00000000-00000000"
"AA555A0000000101","","2019-11-14 10:23:20.003Z",3805826740, 864300000,0, 1,"CRC_OK" , 32,"LORA",125000,"SF8"   ,"4/5",-105, -0.5,"02000000-39050000-00000000-00000000-00000000-00000000-00000000-00000000"
"AA555A0000000101","","2019-11-14 10:23:23.457Z",3809280212, 864100000,0, 0,"CRC_OK" , 32,"LORA",125000,"SF8"   ,"4/5",-107, -8.2,"01000000-3A050000-00000000-00000000-00000000-00000000-00000000-00000000"
"AA555A0000000101","","2019-11-14 10:23:30.015Z",3815837236, 864300000,0, 1,"CRC_OK" , 32,"LORA",125000,"SF8"   ,"4/5",-106, -0.2,"02000000-3A050000-00000000-00000000-00000000-00000000-00000000-00000000"
"AA555A0000000101","","2019-11-14 10:23:33.469Z",3819290716, 864100000,0, 0,"CRC_OK" , 32,"LORA",125000,"SF8"   ,"4/5",-108, -8.2,"01000000-3B050000-00000000-00000000-00000000-00000000-00000000-00000000"
"AA555A0000000101","","2019-11-14 10:23:40.023Z",3825847724, 864300000,0, 1,"CRC_OK" , 32,"LORA",125000,"SF8"   ,"4/5",-105, -0.8,"02000000-3B050000-00000000-00000000-00000000-00000000-00000000-00000000"
"AA555A0000000101","","2019-11-14 10:23:43.477Z",3829301228, 864100000,0, 0,"CRC_OK" , 32,"LORA",125000,"SF8"   ,"4/5",-106, -7.8,"01000000-3C050000-00000000-00000000-00000000-00000000-00000000-00000000"
"AA555A0000000101","","2019-11-14 10:23:50.035Z",3835858228, 864300000,0, 1,"CRC_OK" , 32,"LORA",125000,"SF8"   ,"4/5",-106, -1.0,"02000000-3C050000-00000000-00000000-00000000-00000000-00000000-00000000"
"AA555A0000000101","","2019-11-14 10:23:53.489Z",3839311732, 864100000,0, 0,"CRC_OK" , 32,"LORA",125000,"SF8"   ,"4/5",-108, -8.5,"01000000-3D050000-00000000-00000000-00000000-00000000-00000000-00000000"
"AA555A0000000101","","2019-11-14 10:24:00.045Z",3845868724, 864300000,0, 1,"CRC_OK" , 32,"LORA",125000,"SF8"   ,"4/5",-107, -0.5,"02000000-3D050000-00000000-00000000-00000000-00000000-00000000-00000000"
"AA555A0000000101","","2019-11-14 10:24:03.499Z",3849322244, 864100000,0, 0,"CRC_OK" , 32,"LORA",125000,"SF8"   ,"4/5",-108, -8.2,"01000000-3E050000-00000000-00000000-00000000-00000000-00000000-00000000"
"AA555A0000000101","","2019-11-14 10:24:10.056Z",3855879212, 864300000,0, 1,"CRC_OK" , 32,"LORA",125000,"SF8"   ,"4/5",-106, -1.0,"02000000-3E050000-00000000-00000000-00000000-00000000-00000000-00000000"
"AA555A0000000101","","2019-11-14 10:24:20.067Z",3865889716, 864300000,0, 1,"CRC_OK" , 32,"LORA",125000,"SF8"   ,"4/5",-107, -0.5,"02000000-3F050000-00000000-00000000-00000000-00000000-00000000-00000000"
"AA555A0000000101","","2019-11-14 10:24:23.521Z",3869343252, 864100000,0, 0,"CRC_OK" , 32,"LORA",125000,"SF8"   ,"4/5",-107,-10.5,"01000000-40050000-00000000-00000000-00000000-00000000-00000000-00000000"
"AA555A0000000101","","2019-11-14 10:24:30.076Z",3875900212, 864300000,0, 1,"CRC_OK" , 32,"LORA",125000,"SF8"   ,"4/5",-106, -0.5,"02000000-40050000-00000000-00000000-00000000-00000000-00000000-00000000"
"AA555A0000000101","","2019-11-14 10:24:40.088Z",3885910700, 864300000,0, 1,"CRC_OK" , 32,"LORA",125000,"SF8"   ,"4/5",-103, -1.0,"02000000-41050000-00000000-00000000-00000000-00000000-00000000-00000000"
"AA555A0000000101","","2019-11-14 10:24:43.542Z",3889364268, 864100000,0, 0,"CRC_OK" , 32,"LORA",125000,"SF8"   ,"4/5",-108,-10.0,"01000000-42050000-00000000-00000000-00000000-00000000-00000000-00000000"
"AA555A0000000101","","2019-11-14 10:24:50.097Z",3895921196, 864300000,0, 1,"CRC_OK" , 32,"LORA",125000,"SF8"   ,"4/5",-106, -1.2,"02000000-42050000-00000000-00000000-00000000-00000000-00000000-00000000"
"AA555A0000000101","","2019-11-14 10:25:00.109Z",3905931700, 864300000,0, 1,"CRC_OK" , 32,"LORA",125000,"SF8"   ,"4/5",-106, -2.0,"02000000-43050000-00000000-00000000-00000000-00000000-00000000-00000000"
"AA555A0000000101","","2019-11-14 10:25:10.120Z",3915942196, 864300000,0, 1,"CRC_OK" , 32,"LORA",125000,"SF8"   ,"4/5",-105, -5.8,"02000000-44050000-00000000-00000000-00000000-00000000-00000000-00000000"
"AA555A0000000101","","2019-11-14 10:25:20.128Z",3925952692, 864300000,0, 1,"CRC_OK" , 32,"LORA",125000,"SF8"   ,"4/5",-107, -1.2,"02000000-45050000-00000000-00000000-00000000-00000000-00000000-00000000"
"AA555A0000000101","","2019-11-14 10:25:30.140Z",3935963180, 864300000,0, 1,"CRC_OK" , 32,"LORA",125000,"SF8"   ,"4/5",-102, -3.0,"02000000-46050000-00000000-00000000-00000000-00000000-00000000-00000000"
"AA555A0000000101","","2019-11-14 10:25:40.151Z",3945973676, 864300000,0, 1,"CRC_OK" , 32,"LORA",125000,"SF8"   ,"4/5",-103, -2.8,"02000000-47050000-00000000-00000000-00000000-00000000-00000000-00000000"
"AA555A0000000101","","2019-11-14 10:25:50.162Z",3955984172, 864300000,0, 1,"CRC_OK" , 32,"LORA",125000,"SF8"   ,"4/5",-106, -2.0,"02000000-48050000-00000000-00000000-00000000-00000000-00000000-00000000"
"AA555A0000000101","","2019-11-14 10:26:00.172Z",3965994668, 864300000,0, 1,"CRC_OK" , 32,"LORA",125000,"SF8"   ,"4/5",-105, -1.8,"02000000-49050000-00000000-00000000-00000000-00000000-00000000-00000000"
"AA555A0000000101","","2019-11-14 10:26:10.183Z",3976005164, 864300000,0, 1,"CRC_OK" , 32,"LORA",125000,"SF8"   ,"4/5",-107, -2.5,"02000000-4A050000-00000000-00000000-00000000-00000000-00000000-00000000"
"AA555A0000000101","","2019-11-14 10:26:20.191Z",3986015660, 864300000,0, 1,"CRC_OK" , 32,"LORA",125000,"SF8"   ,"4/5",-107, -3.0,"02000000-4B050000-00000000-00000000-00000000-00000000-00000000-00000000"
"AA555A0000000101","","2019-11-14 10:26:30.202Z",3996026148, 864300000,0, 1,"CRC_OK" , 32,"LORA",125000,"SF8"   ,"4/5",-107, -3.8,"02000000-4C050000-00000000-00000000-00000000-00000000-00000000-00000000"
"AA555A0000000101","","2019-11-14 10:26:33.655Z",3999479828, 864100000,0, 0,"CRC_OK" , 32,"LORA",125000,"SF8"   ,"4/5",-106,-10.0,"01000000-4D050000-00000000-00000000-00000000-00000000-00000000-00000000"
"AA555A0000000101","","2019-11-14 10:26:40.212Z",4006036644, 864300000,0, 1,"CRC_OK" , 32,"LORA",125000,"SF8"   ,"4/5",-107, -5.8,"02000000-4D050000-00000000-00000000-00000000-00000000-00000000-00000000"
"AA555A0000000101","","2019-11-14 10:26:50.223Z",4016047140, 864300000,0, 1,"CRC_OK" , 32,"LORA",125000,"SF8"   ,"4/5",-107, -2.8,"02000000-4E050000-00000000-00000000-00000000-00000000-00000000-00000000"
"AA555A0000000101","","2019-11-14 10:26:53.676Z",4019500844, 864100000,0, 0,"CRC_OK" , 32,"LORA",125000,"SF8"   ,"4/5",-107,-11.2,"01000000-4F050000-00000000-00000000-00000000-00000000-00000000-00000000"
"AA555A0000000101","","2019-11-14 10:27:00.233Z",4026057644, 864300000,0, 1,"CRC_OK" , 32,"LORA",125000,"SF8"   ,"4/5",-106, -3.2,"02000000-4F050000-00000000-00000000-00000000-00000000-00000000-00000000"
"AA555A0000000101","","2019-11-14 10:27:10.244Z",4036068132, 864300000,0, 1,"CRC_OK" , 32,"LORA",125000,"SF8"   ,"4/5",-105, -3.0,"02000000-50050000-00000000-00000000-00000000-00000000-00000000-00000000"
"AA555A0000000101","","2019-11-14 10:27:20.256Z",4046078628, 864300000,0, 1,"CRC_OK" , 32,"LORA",125000,"SF8"   ,"4/5",-106, -3.0,"02000000-51050000-00000000-00000000-00000000-00000000-00000000-00000000"
"AA555A0000000101","","2019-11-14 10:27:23.710Z",4049532356, 864100000,0, 0,"CRC_OK" , 32,"LORA",125000,"SF8"   ,"4/5",-107,-10.0,"01000000-52050000-00000000-00000000-00000000-00000000-00000000-00000000"
"AA555A0000000101","","2019-11-14 10:27:30.265Z",4056089124, 864300000,0, 1,"CRC_OK" , 32,"LORA",125000,"SF8"   ,"4/5",-105, -3.0,"02000000-52050000-00000000-00000000-00000000-00000000-00000000-00000000"
"AA555A0000000101","","2019-11-14 10:27:33.719Z",4059542860, 864100000,0, 0,"CRC_OK" , 32,"LORA",125000,"SF8"   ,"4/5",-108,-10.5,"01000000-53050000-00000000-00000000-00000000-00000000-00000000-00000000"
"AA555A0000000101","","2019-11-14 10:27:40.277Z",4066099612, 864300000,0, 1,"CRC_OK" , 32,"LORA",125000,"SF8"   ,"4/5",-104, -2.8,"02000000-53050000-00000000-00000000-00000000-00000000-00000000-00000000"
"AA555A0000000101","","2019-11-14 10:27:50.288Z",4076110116, 864300000,0, 1,"CRC_OK" , 32,"LORA",125000,"SF8"   ,"4/5",-107, -2.5,"02000000-54050000-00000000-00000000-00000000-00000000-00000000-00000000"
"AA555A0000000101","","2019-11-14 10:28:00.298Z",4086120604, 864300000,0, 1,"CRC_OK" , 32,"LORA",125000,"SF8"   ,"4/5",-107, -4.2,"02000000-55050000-00000000-00000000-00000000-00000000-00000000-00000000"
"AA555A0000000101","","2019-11-14 10:28:10.308Z",4096131100, 864300000,0, 1,"CRC_OK" , 32,"LORA",125000,"SF8"   ,"4/5",-107, -5.0,"02000000-56050000-00000000-00000000-00000000-00000000-00000000-00000000"
"AA555A0000000101","","2019-11-14 10:28:20.319Z",4106141604, 864300000,0, 1,"CRC_OK" , 32,"LORA",125000,"SF8"   ,"4/5",-107, -6.0,"02000000-57050000-00000000-00000000-00000000-00000000-00000000-00000000"
"AA555A0000000101","","2019-11-14 10:28:30.328Z",4116152084, 864300000,0, 1,"CRC_OK" , 32,"LORA",125000,"SF8"   ,"4/5",-104, -5.0,"02000000-58050000-00000000-00000000-00000000-00000000-00000000-00000000"
"AA555A0000000101","","2019-11-14 10:28:40.338Z",4126162588, 864300000,0, 1,"CRC_OK" , 32,"LORA",125000,"SF8"   ,"4/5",-107, -4.2,"02000000-59050000-00000000-00000000-00000000-00000000-00000000-00000000"
"AA555A0000000101","","2019-11-14 10:28:50.349Z",4136173084, 864300000,0, 1,"CRC_OK" , 32,"LORA",125000,"SF8"   ,"4/5",-106, -4.5,"02000000-5A050000-00000000-00000000-00000000-00000000-00000000-00000000"
"AA555A0000000101","","2019-11-14 10:29:00.359Z",4146183580, 864300000,0, 1,"CRC_OK" , 32,"LORA",125000,"SF8"   ,"4/5",-107, -4.5,"02000000-5B050000-00000000-00000000-00000000-00000000-00000000-00000000"
"AA555A0000000101","","2019-11-14 10:29:10.370Z",4156194068, 864300000,0, 1,"CRC_OK" , 32,"LORA",125000,"SF8"   ,"4/5",-105, -4.0,"02000000-5C050000-00000000-00000000-00000000-00000000-00000000-00000000"
"AA555A0000000101","","2019-11-14 10:29:20.381Z",4166204572, 864300000,0, 1,"CRC_OK" , 32,"LORA",125000,"SF8"   ,"4/5",-104, -4.0,"02000000-5D050000-00000000-00000000-00000000-00000000-00000000-00000000"
"AA555A0000000101","","2019-11-14 10:29:30.392Z",4176215060, 864300000,0, 1,"CRC_OK" , 32,"LORA",125000,"SF8"   ,"4/5",-107, -2.8,"02000000-5E050000-00000000-00000000-00000000-00000000-00000000-00000000"
"AA555A0000000101","","2019-11-14 10:29:40.403Z",4186225556, 864300000,0, 1,"CRC_OK" , 32,"LORA",125000,"SF8"   ,"4/5",-105, -3.2,"02000000-5F050000-00000000-00000000-00000000-00000000-00000000-00000000"
"AA555A0000000101","","2019-11-14 10:29:50.412Z",4196236052, 864300000,0, 1,"CRC_OK" , 32,"LORA",125000,"SF8"   ,"4/5",-107, -3.8,"02000000-60050000-00000000-00000000-00000000-00000000-00000000-00000000"
"AA555A0000000101","","2019-11-14 10:30:00.422Z",4206246540, 864300000,0, 1,"CRC_OK" , 32,"LORA",125000,"SF8"   ,"4/5",-105, -3.5,"02000000-61050000-00000000-00000000-00000000-00000000-00000000-00000000"
"AA555A0000000101","","2019-11-14 10:30:10.433Z",4216257044, 864300000,0, 1,"CRC_OK" , 32,"LORA",125000,"SF8"   ,"4/5",-106, -3.8,"02000000-62050000-00000000-00000000-00000000-00000000-00000000-00000000"
"AA555A0000000101","","2019-11-14 10:30:20.444Z",4226267532, 864300000,0, 1,"CRC_OK" , 32,"LORA",125000,"SF8"   ,"4/5",-105, -4.0,"02000000-63050000-00000000-00000000-00000000-00000000-00000000-00000000"
"AA555A0000000101","","2019-11-14 10:30:30.455Z",4236278036, 864300000,0, 1,"CRC_OK" , 32,"LORA",125000,"SF8"   ,"4/5",-104, -3.8,"02000000-64050000-00000000-00000000-00000000-00000000-00000000-00000000"
"AA555A0000000101","","2019-11-14 10:30:40.466Z",4246288524, 864300000,0, 1,"CRC_OK" , 32,"LORA",125000,"SF8"   ,"4/5",-105, -3.8,"02000000-65050000-00000000-00000000-00000000-00000000-00000000-00000000"
"AA555A0000000101","","2019-11-14 10:30:50.474Z",4256299020, 864300000,0, 1,"CRC_OK" , 32,"LORA",125000,"SF8"   ,"4/5",-105, -4.5,"02000000-66050000-00000000-00000000-00000000-00000000-00000000-00000000"
"AA555A0000000101","","2019-11-14 10:31:00.487Z",4266309508, 864300000,0, 1,"CRC_OK" , 32,"LORA",125000,"SF8"   ,"4/5",-107, -4.5,"02000000-67050000-00000000-00000000-00000000-00000000-00000000-00000000"
"AA555A0000000101","","2019-11-14 10:31:10.495Z",4276320012, 864300000,0, 1,"CRC_OK" , 32,"LORA",125000,"SF8"   ,"4/5",-105, -4.2,"02000000-68050000-00000000-00000000-00000000-00000000-00000000-00000000"
"AA555A0000000101","","2019-11-14 10:31:20.506Z",4286330500, 864300000,0, 1,"CRC_OK" , 32,"LORA",125000,"SF8"   ,"4/5",-105, -3.8,"02000000-69050000-00000000-00000000-00000000-00000000-00000000-00000000"
"AA555A0000000101","","2019-11-14 10:31:30.517Z",   1373700, 864300000,0, 1,"CRC_OK" , 32,"LORA",125000,"SF8"   ,"4/5",-106, -3.5,"02000000-6A050000-00000000-00000000-00000000-00000000-00000000-00000000"
"AA555A0000000101","","2019-11-14 10:31:40.528Z",  11384188, 864300000,0, 1,"CRC_OK" , 32,"LORA",125000,"SF8"   ,"4/5",-104, -3.5,"02000000-6B050000-00000000-00000000-00000000-00000000-00000000-00000000"
"AA555A0000000101","","2019-11-14 10:31:50.539Z",  21394684, 864300000,0, 1,"CRC_OK" , 32,"LORA",125000,"SF8"   ,"4/5",-105, -4.2,"02000000-6C050000-00000000-00000000-00000000-00000000-00000000-00000000"
"AA555A0000000101","","2019-11-14 10:32:00.548Z",  31405180, 864300000,0, 1,"CRC_OK" , 32,"LORA",125000,"SF8"   ,"4/5",-107, -4.5,"02000000-6D050000-00000000-00000000-00000000-00000000-00000000-00000000"
"AA555A0000000101","","2019-11-14 10:32:10.559Z",  41415684, 864300000,0, 1,"CRC_OK" , 32,"LORA",125000,"SF8"   ,"4/5",-106, -4.0,"02000000-6E050000-00000000-00000000-00000000-00000000-00000000-00000000"
"AA555A0000000101","","2019-11-14 10:32:20.571Z",  51426172, 864300000,0, 1,"CRC_OK" , 32,"LORA",125000,"SF8"   ,"4/5",-107, -4.5,"02000000-6F050000-00000000-00000000-00000000-00000000-00000000-00000000"
"AA555A0000000101","","2019-11-14 10:32:30.581Z",  61436668, 864300000,0, 1,"CRC_OK" , 32,"LORA",125000,"SF8"   ,"4/5",-107, -4.8,"02000000-70050000-00000000-00000000-00000000-00000000-00000000-00000000"
"AA555A0000000101","","2019-11-14 10:32:40.592Z",  71447164, 864300000,0, 1,"CRC_OK" , 32,"LORA",125000,"SF8"   ,"4/5",-107, -4.2,"02000000-71050000-00000000-00000000-00000000-00000000-00000000-00000000"
"AA555A0000000101","","2019-11-14 10:32:50.603Z",  81457660, 864300000,0, 1,"CRC_OK" , 32,"LORA",125000,"SF8"   ,"4/5",-106, -3.5,"02000000-72050000-00000000-00000000-00000000-00000000-00000000-00000000"
"AA555A0000000101","","2019-11-14 10:33:00.612Z",  91468148, 864300000,0, 1,"CRC_OK" , 32,"LORA",125000,"SF8"   ,"4/5",-106, -4.2,"02000000-73050000-00000000-00000000-00000000-00000000-00000000-00000000"
"AA555A0000000101","","2019-11-14 10:33:10.623Z", 101478644, 864300000,0, 1,"CRC_OK" , 32,"LORA",125000,"SF8"   ,"4/5",-107, -5.0,"02000000-74050000-00000000-00000000-00000000-00000000-00000000-00000000"
"AA555A0000000101","","2019-11-14 10:33:20.635Z", 111489140, 864300000,0, 1,"CRC_OK" , 32,"LORA",125000,"SF8"   ,"4/5",-105, -5.2,"02000000-75050000-00000000-00000000-00000000-00000000-00000000-00000000"
"AA555A0000000101","","2019-11-14 10:33:30.644Z", 121499636, 864300000,0, 1,"CRC_OK" , 32,"LORA",125000,"SF8"   ,"4/5",-107, -5.0,"02000000-76050000-00000000-00000000-00000000-00000000-00000000-00000000"
"AA555A0000000101","","2019-11-14 10:33:40.655Z", 131510132, 864300000,0, 1,"CRC_OK" , 32,"LORA",125000,"SF8"   ,"4/5",-106, -4.8,"02000000-77050000-00000000-00000000-00000000-00000000-00000000-00000000"
"AA555A0000000101","","2019-11-14 10:33:50.666Z", 141520628, 864300000,0, 1,"CRC_OK" , 32,"LORA",125000,"SF8"   ,"4/5",-107, -4.8,"02000000-78050000-00000000-00000000-00000000-00000000-00000000-00000000"
"AA555A0000000101","","2019-11-14 10:34:00.676Z", 151531124, 864300000,0, 1,"CRC_OK" , 32,"LORA",125000,"SF8"   ,"4/5",-106, -3.8,"02000000-79050000-00000000-00000000-00000000-00000000-00000000-00000000"
"AA555A0000000101","","2019-11-14 10:34:10.688Z", 161541620, 864300000,0, 1,"CRC_OK" , 32,"LORA",125000,"SF8"   ,"4/5",-106, -4.2,"02000000-7A050000-00000000-00000000-00000000-00000000-00000000-00000000"
"AA555A0000000101","","2019-11-14 10:34:20.699Z", 171552108, 864300000,0, 1,"CRC_OK" , 32,"LORA",125000,"SF8"   ,"4/5",-107, -4.8,"02000000-7B050000-00000000-00000000-00000000-00000000-00000000-00000000"
"AA555A0000000101","","2019-11-14 10:34:30.707Z", 181562604, 864300000,0, 1,"CRC_OK" , 32,"LORA",125000,"SF8"   ,"4/5",-106, -5.2,"02000000-7C050000-00000000-00000000-00000000-00000000-00000000-00000000"
"AA555A0000000101","","2019-11-14 10:34:40.719Z", 191573092, 864300000,0, 1,"CRC_OK" , 32,"LORA",125000,"SF8"   ,"4/5",-107, -4.8,"02000000-7D050000-00000000-00000000-00000000-00000000-00000000-00000000"
"AA555A0000000101","","2019-11-14 10:34:50.730Z", 201583596, 864300000,0, 1,"CRC_OK" , 32,"LORA",125000,"SF8"   ,"4/5",-107, -5.2,"02000000-7E050000-00000000-00000000-00000000-00000000-00000000-00000000"
"AA555A0000000101","","2019-11-14 10:35:00.740Z", 211594084, 864300000,0, 1,"CRC_OK" , 32,"LORA",125000,"SF8"   ,"4/5",-107, -4.2,"02000000-7F050000-00000000-00000000-00000000-00000000-00000000-00000000"
"AA555A0000000101","","2019-11-14 10:35:10.751Z", 221604580, 864300000,0, 1,"CRC_OK" , 32,"LORA",125000,"SF8"   ,"4/5",-107, -4.8,"02000000-80050000-00000000-00000000-00000000-00000000-00000000-00000000"
"AA555A0000000101","","2019-11-14 10:35:20.762Z", 231615076, 864300000,0, 1,"CRC_OK" , 32,"LORA",125000,"SF8"   ,"4/5",-105, -4.8,"02000000-81050000-00000000-00000000-00000000-00000000-00000000-00000000"
"AA555A0000000101","","2019-11-14 10:35:24.216Z", 235069364, 864100000,0, 0,"CRC_OK" , 32,"LORA",125000,"SF8"   ,"4/5",-107,-10.5,"01000000-82050000-00000000-00000000-00000000-00000000-00000000-00000000"
"AA555A0000000101","","2019-11-14 10:35:30.771Z", 241625572, 864300000,0, 1,"CRC_OK" , 32,"LORA",125000,"SF8"   ,"4/5",-107, -2.8,"02000000-82050000-00000000-00000000-00000000-00000000-00000000-00000000"
"AA555A0000000101","","2019-11-14 10:35:34.227Z", 245079876, 864100000,0, 0,"CRC_OK" , 32,"LORA",125000,"SF8"   ,"4/5",-107,-11.5,"01000000-83050000-00000000-00000000-00000000-00000000-00000000-00000000"
"AA555A0000000101","","2019-11-14 10:35:40.783Z", 251636068, 864300000,0, 1,"CRC_OK" , 32,"LORA",125000,"SF8"   ,"4/5",-108, -2.0,"02000000-83050000-00000000-00000000-00000000-00000000-00000000-00000000"
"AA555A0000000101","","2019-11-14 10:35:44.236Z", 255090388, 864100000,0, 0,"CRC_OK" , 32,"LORA",125000,"SF8"   ,"4/5",-109,-11.2,"01000000-84050000-00000000-00000000-00000000-00000000-00000000-00000000"
"AA555A0000000101","","2019-11-14 10:35:50.794Z", 261646556, 864300000,0, 1,"CRC_OK" , 32,"LORA",125000,"SF8"   ,"4/5",-107, -2.8,"02000000-84050000-00000000-00000000-00000000-00000000-00000000-00000000"
"AA555A0000000101","","2019-11-14 10:35:54.248Z", 265100884, 864100000,0, 0,"CRC_OK" , 32,"LORA",125000,"SF8"   ,"4/5",-108,-10.5,"01000000-85050000-00000000-00000000-00000000-00000000-00000000-00000000"
"AA555A0000000101","","2019-11-14 10:36:00.804Z", 271657052, 864300000,0, 1,"CRC_OK" , 32,"LORA",125000,"SF8"   ,"4/5",-108, -3.0,"02000000-85050000-00000000-00000000-00000000-00000000-00000000-00000000"
"AA555A0000000101","","2019-11-14 10:36:04.258Z", 275111396, 864100000,0, 0,"CRC_OK" , 32,"LORA",125000,"SF8"   ,"4/5",-109,-10.2,"01000000-86050000-00000000-00000000-00000000-00000000-00000000-00000000"
"AA555A0000000101","","2019-11-14 10:36:10.816Z", 281667556, 864300000,0, 1,"CRC_OK" , 32,"LORA",125000,"SF8"   ,"4/5",-107, -2.5,"02000000-86050000-00000000-00000000-00000000-00000000-00000000-00000000"
"AA555A0000000101","","2019-11-14 10:36:14.269Z", 285121900, 864100000,0, 0,"CRC_OK" , 32,"LORA",125000,"SF8"   ,"4/5",-108, -9.8,"01000000-87050000-00000000-00000000-00000000-00000000-00000000-00000000"
"AA555A0000000101","","2019-11-14 10:36:20.824Z", 291678044, 864300000,0, 1,"CRC_OK" , 32,"LORA",125000,"SF8"   ,"4/5",-107, -3.0,"02000000-87050000-00000000-00000000-00000000-00000000-00000000-00000000"
"AA555A0000000101","","2019-11-14 10:36:30.835Z", 301688540, 864300000,0, 1,"CRC_OK" , 32,"LORA",125000,"SF8"   ,"4/5",-106, -2.5,"02000000-88050000-00000000-00000000-00000000-00000000-00000000-00000000"
"AA555A0000000101","","2019-11-14 10:36:40.846Z", 311699036, 864300000,0, 1,"CRC_OK" , 32,"LORA",125000,"SF8"   ,"4/5",-108, -6.2,"02000000-89050000-00000000-00000000-00000000-00000000-00000000-00000000"
"AA555A0000000101","","2019-11-14 10:36:50.857Z", 321709524, 864300000,0, 1,"CRC_OK" , 32,"LORA",125000,"SF8"   ,"4/5",-108, -4.2,"02000000-8A050000-00000000-00000000-00000000-00000000-00000000-00000000"
"AA555A0000000101","","2019-11-14 10:36:54.311Z", 325163932, 864100000,0, 0,"CRC_OK" , 32,"LORA",125000,"SF8"   ,"4/5",-109, -7.5,"01000000-8B050000-00000000-00000000-00000000-00000000-00000000-00000000"
"AA555A0000000101","","2019-11-14 10:37:00.868Z", 331720028, 864300000,0, 1,"CRC_OK" , 32,"LORA",125000,"SF8"   ,"4/5",-108, -4.8,"02000000-8B050000-00000000-00000000-00000000-00000000-00000000-00000000"
"AA555A0000000101","","2019-11-14 10:37:04.321Z", 335174444, 864100000,0, 0,"CRC_OK" , 32,"LORA",125000,"SF8"   ,"4/5",-108,-10.5,"01000000-8C050000-00000000-00000000-00000000-00000000-00000000-00000000"
"AA555A0000000101","","2019-11-14 10:37:10.876Z", 341730524, 864300000,0, 1,"CRC_OK" , 32,"LORA",125000,"SF8"   ,"4/5",-108, -5.8,"02000000-8C050000-00000000-00000000-00000000-00000000-00000000-00000000"
"AA555A0000000101","","2019-11-14 10:37:14.333Z", 345184948, 864100000,0, 0,"CRC_OK" , 32,"LORA",125000,"SF8"   ,"4/5",-109,-10.5,"01000000-8D050000-00000000-00000000-00000000-00000000-00000000-00000000"
"AA555A0000000101","","2019-11-14 10:37:20.888Z", 351741012, 864300000,0, 1,"CRC_OK" , 32,"LORA",125000,"SF8"   ,"4/5",-108, -5.5,"02000000-8D050000-00000000-00000000-00000000-00000000-00000000-00000000"
"AA555A0000000101","","2019-11-14 10:37:24.342Z", 355195452, 864100000,0, 0,"CRC_OK" , 32,"LORA",125000,"SF8"   ,"4/5",-108, -9.8,"01000000-8E050000-00000000-00000000-00000000-00000000-00000000-00000000"
"AA555A0000000101","","2019-11-14 10:37:30.900Z", 361751508, 864300000,0, 1,"CRC_OK" , 32,"LORA",125000,"SF8"   ,"4/5",-106, -5.2,"02000000-8E050000-00000000-00000000-00000000-00000000-00000000-00000000"
"AA555A0000000101","","2019-11-14 10:37:34.353Z", 365205964, 864100000,0, 0,"CRC_OK" , 32,"LORA",125000,"SF8"   ,"4/5",-108,-10.0,"01000000-8F050000-00000000-00000000-00000000-00000000-00000000-00000000"
"AA555A0000000101","","2019-11-14 10:37:40.908Z", 371762004, 864300000,0, 1,"CRC_OK" , 32,"LORA",125000,"SF8"   ,"4/5",-106, -6.0,"02000000-8F050000-00000000-00000000-00000000-00000000-00000000-00000000"
"AA555A0000000101","","2019-11-14 10:37:44.365Z", 375216468, 864100000,0, 0,"CRC_OK" , 32,"LORA",125000,"SF8"   ,"4/5",-107,-10.0,"01000000-90050000-00000000-00000000-00000000-00000000-00000000-00000000"
"AA555A0000000101","","2019-11-14 10:37:50.920Z", 381772500, 864300000,0, 1,"CRC_OK" , 32,"LORA",125000,"SF8"   ,"4/5",-107, -4.8,"02000000-90050000-00000000-00000000-00000000-00000000-00000000-00000000"
"AA555A0000000101","","2019-11-14 10:37:54.374Z", 385226980, 864100000,0, 0,"CRC_OK" , 32,"LORA",125000,"SF8"   ,"4/5",-109, -8.2,"01000000-91050000-00000000-00000000-00000000-00000000-00000000-00000000"
"AA555A0000000101","","2019-11-14 10:38:00.931Z", 391782988, 864300000,0, 1,"CRC_OK" , 32,"LORA",125000,"SF8"   ,"4/5",-106, -8.5,"02000000-91050000-00000000-00000000-00000000-00000000-00000000-00000000"
"AA555A0000000101","","2019-11-14 10:38:04.385Z", 395237484, 864100000,0, 0,"CRC_OK" , 32,"LORA",125000,"SF8"   ,"4/5",-107, -7.5,"01000000-92050000-00000000-00000000-00000000-00000000-00000000-00000000"
"AA555A0000000101","","2019-11-14 10:38:10.940Z", 401793484, 864300000,0, 1,"CRC_OK" , 32,"LORA",125000,"SF8"   ,"4/5",-108, -9.8,"02000000-92050000-00000000-00000000-00000000-00000000-00000000-00000000"
"AA555A0000000101","","2019-11-14 10:38:14.397Z", 405247996, 864100000,0, 0,"CRC_OK" , 32,"LORA",125000,"SF8"   ,"4/5",-109, -7.0,"01000000-93050000-00000000-00000000-00000000-00000000-00000000-00000000"
"AA555A0000000101","","2019-11-14 10:38:20.952Z", 411803988, 864300000,0, 1,"CRC_OK" , 32,"LORA",125000,"SF8"   ,"4/5",-108, -7.2,"02000000-93050000-00000000-00000000-00000000-00000000-00000000-00000000"
"AA555A0000000101","","2019-11-14 10:38:24.406Z", 415258492, 864100000,0, 0,"CRC_OK" , 32,"LORA",125000,"SF8"   ,"4/5",-107, -4.0,"01000000-94050000-00000000-00000000-00000000-00000000-00000000-00000000"
"AA555A0000000101","","2019-11-14 10:38:30.963Z", 421814484, 864300000,0, 1,"CRC_OK" , 32,"LORA",125000,"SF8"   ,"4/5",-107, -8.0,"02000000-94050000-00000000-00000000-00000000-00000000-00000000-00000000"
"AA555A0000000101","","2019-11-14 10:38:34.417Z", 425269004, 864100000,0, 0,"CRC_OK" , 32,"LORA",125000,"SF8"   ,"4/5",-108, -3.5,"01000000-95050000-00000000-00000000-00000000-00000000-00000000-00000000"
"AA555A0000000101","","2019-11-14 10:38:40.973Z", 431824980, 864300000,0, 1,"CRC_OK" , 32,"LORA",125000,"SF8"   ,"4/5",-106, -7.5,"02000000-95050000-00000000-00000000-00000000-00000000-00000000-00000000"
"AA555A0000000101","","2019-11-14 10:38:44.427Z", 435279516, 864100000,0, 0,"CRC_OK" , 32,"LORA",125000,"SF8"   ,"4/5",-108, -3.2,"01000000-96050000-00000000-00000000-00000000-00000000-00000000-00000000"
"AA555A0000000101","","2019-11-14 10:38:50.985Z", 441835468, 864300000,0, 1,"CRC_OK" , 32,"LORA",125000,"SF8"   ,"4/5",-106, -7.5,"02000000-96050000-00000000-00000000-00000000-00000000-00000000-00000000"
"AA555A0000000101","","2019-11-14 10:38:54.439Z", 445290020, 864100000,0, 0,"CRC_OK" , 32,"LORA",125000,"SF8"   ,"4/5",-108, -5.2,"01000000-97050000-00000000-00000000-00000000-00000000-00000000-00000000"
"AA555A0000000101","","2019-11-14 10:39:00.995Z", 451845964, 864300000,0, 1,"CRC_OK" , 32,"LORA",125000,"SF8"   ,"4/5",-106, -5.2,"02000000-97050000-00000000-00000000-00000000-00000000-00000000-00000000"
"AA555A0000000101","","2019-11-14 10:39:04.449Z", 455300532, 864100000,0, 0,"CRC_OK" , 32,"LORA",125000,"SF8"   ,"4/5",-108, -5.0,"01000000-98050000-00000000-00000000-00000000-00000000-00000000-00000000"
"AA555A0000000101","","2019-11-14 10:39:11.004Z", 461856460, 864300000,0, 1,"CRC_OK" , 32,"LORA",125000,"SF8"   ,"4/5",-105, -5.0,"02000000-98050000-00000000-00000000-00000000-00000000-00000000-00000000"
"AA555A0000000101","","2019-11-14 10:39:14.458Z", 465311044, 864100000,0, 0,"CRC_OK" , 32,"LORA",125000,"SF8"   ,"4/5",-108, -4.8,"01000000-99050000-00000000-00000000-00000000-00000000-00000000-00000000"
"AA555A0000000101","","2019-11-14 10:39:21.016Z", 471866956, 864300000,0, 1,"CRC_OK" , 32,"LORA",125000,"SF8"   ,"4/5",-106, -5.5,"02000000-99050000-00000000-00000000-00000000-00000000-00000000-00000000"
"AA555A0000000101","","2019-11-14 10:39:24.471Z", 475321540, 864100000,0, 0,"CRC_OK" , 32,"LORA",125000,"SF8"   ,"4/5",-108, -5.8,"01000000-9A050000-00000000-00000000-00000000-00000000-00000000-00000000"
"AA555A0000000101","","2019-11-14 10:39:31.026Z", 481877452, 864300000,0, 1,"CRC_OK" , 32,"LORA",125000,"SF8"   ,"4/5",-107, -4.5,"02000000-9A050000-00000000-00000000-00000000-00000000-00000000-00000000"
"AA555A0000000101","","2019-11-14 10:39:34.479Z", 485332052, 864100000,0, 0,"CRC_OK" , 32,"LORA",125000,"SF8"   ,"4/5",-107, -5.0,"01000000-9B050000-00000000-00000000-00000000-00000000-00000000-00000000"
"AA555A0000000101","","2019-11-14 10:39:41.037Z", 491887940, 864300000,0, 1,"CRC_OK" , 32,"LORA",125000,"SF8"   ,"4/5",-106, -6.8,"02000000-9B050000-00000000-00000000-00000000-00000000-00000000-00000000"
"AA555A0000000101","","2019-11-14 10:39:44.491Z", 495342564, 864100000,0, 0,"CRC_OK" , 32,"LORA",125000,"SF8"   ,"4/5",-108, -4.5,"01000000-9C050000-00000000-00000000-00000000-00000000-00000000-00000000"
"AA555A0000000101","","2019-11-14 10:39:51.046Z", 501898444, 864300000,0, 1,"CRC_OK" , 32,"LORA",125000,"SF8"   ,"4/5",-107, -4.5,"02000000-9C050000-00000000-00000000-00000000-00000000-00000000-00000000"
"AA555A0000000101","","2019-11-14 10:39:54.503Z", 505353076, 864100000,0, 0,"CRC_OK" , 32,"LORA",125000,"SF8"   ,"4/5",-107, -5.0,"01000000-9D050000-00000000-00000000-00000000-00000000-00000000-00000000"
"AA555A0000000101","","2019-11-14 10:40:01.057Z", 511908940, 864300000,0, 1,"CRC_OK" , 32,"LORA",125000,"SF8"   ,"4/5",-107, -5.2,"02000000-9D050000-00000000-00000000-00000000-00000000-00000000-00000000"
"AA555A0000000101","","2019-11-14 10:40:04.511Z", 515363572, 864100000,0, 0,"CRC_OK" , 32,"LORA",125000,"SF8"   ,"4/5",-106, -5.2,"01000000-9E050000-00000000-00000000-00000000-00000000-00000000-00000000"
"AA555A0000000101","","2019-11-14 10:40:11.068Z", 521919436, 864300000,0, 1,"CRC_OK" , 32,"LORA",125000,"SF8"   ,"4/5",-106, -4.2,"02000000-9E050000-00000000-00000000-00000000-00000000-00000000-00000000"
"AA555A0000000101","","2019-11-14 10:40:14.522Z", 525374084, 864100000,0, 0,"CRC_OK" , 32,"LORA",125000,"SF8"   ,"4/5",-107, -5.0,"01000000-9F050000-00000000-00000000-00000000-00000000-00000000-00000000"
"AA555A0000000101","","2019-11-14 10:40:21.077Z", 531929924, 864300000,0, 1,"CRC_OK" , 32,"LORA",125000,"SF8"   ,"4/5",-107, -4.8,"02000000-9F050000-00000000-00000000-00000000-00000000-00000000-00000000"
"AA555A0000000101","","2019-11-14 10:40:24.532Z", 535384596, 864100000,0, 0,"CRC_OK" , 32,"LORA",125000,"SF8"   ,"4/5",-107, -5.2,"01000000-A0050000-00000000-00000000-00000000-00000000-00000000-00000000"
"AA555A0000000101","","2019-11-14 10:40:31.090Z", 541940428, 864300000,0, 1,"CRC_OK" , 32,"LORA",125000,"SF8"   ,"4/5",-106, -4.5,"02000000-A0050000-00000000-00000000-00000000-00000000-00000000-00000000"
"AA555A0000000101","","2019-11-14 10:40:34.544Z", 545395108, 864100000,0, 0,"CRC_OK" , 32,"LORA",125000,"SF8"   ,"4/5",-107, -5.8,"01000000-A1050000-00000000-00000000-00000000-00000000-00000000-00000000"
"AA555A0000000101","","2019-11-14 10:40:41.100Z", 551950908, 864300000,0, 1,"CRC_OK" , 32,"LORA",125000,"SF8"   ,"4/5",-105, -4.5,"02000000-A1050000-00000000-00000000-00000000-00000000-00000000-00000000"
"AA555A0000000101","","2019-11-14 10:40:44.554Z", 555405612, 864100000,0, 0,"CRC_OK" , 32,"LORA",125000,"SF8"   ,"4/5",-108, -6.2,"01000000-A2050000-00000000-00000000-00000000-00000000-00000000-00000000"
"AA555A0000000101","","2019-11-14 10:40:51.109Z", 561961412, 864300000,0, 1,"CRC_OK" , 32,"LORA",125000,"SF8"   ,"4/5",-106, -7.8,"02000000-A2050000-00000000-00000000-00000000-00000000-00000000-00000000"
"AA555A0000000101","","2019-11-14 10:40:54.566Z", 565416116, 864100000,0, 0,"CRC_OK" , 32,"LORA",125000,"SF8"   ,"4/5",-106, -8.0,"01000000-A3050000-00000000-00000000-00000000-00000000-00000000-00000000"
"AA555A0000000101","","2019-11-14 10:41:04.576Z", 575426628, 864100000,0, 0,"CRC_OK" , 32,"LORA",125000,"SF8"   ,"4/5",-108, -9.5,"01000000-A4050000-00000000-00000000-00000000-00000000-00000000-00000000"
"AA555A0000000101","","2019-11-14 10:41:14.588Z", 585437132, 864100000,0, 0,"CRC_OK" , 32,"LORA",125000,"SF8"   ,"4/5",-105, -8.5,"01000000-A5050000-00000000-00000000-00000000-00000000-00000000-00000000"
"AA555A0000000101","","2019-11-14 10:41:24.596Z", 595447636, 864100000,0, 0,"CRC_OK" , 32,"LORA",125000,"SF8"   ,"4/5",-106, -7.8,"01000000-A6050000-00000000-00000000-00000000-00000000-00000000-00000000"
"AA555A0000000101","","2019-11-14 10:41:34.607Z", 605458148, 864100000,0, 0,"CRC_OK" , 32,"LORA",125000,"SF8"   ,"4/5",-108, -7.2,"01000000-A7050000-00000000-00000000-00000000-00000000-00000000-00000000"
"AA555A0000000101","","2019-11-14 10:41:41.162Z", 612013884, 864300000,0, 1,"CRC_OK" , 32,"LORA",125000,"SF8"   ,"4/5",-106, -7.5,"02000000-A7050000-00000000-00000000-00000000-00000000-00000000-00000000"
"AA555A0000000101","","2019-11-14 10:41:44.618Z", 615468660, 864100000,0, 0,"CRC_OK" , 32,"LORA",125000,"SF8"   ,"4/5",-107, -6.0,"01000000-A8050000-00000000-00000000-00000000-00000000-00000000-00000000"
"AA555A0000000101","","2019-11-14 10:41:51.172Z", 622024380, 864300000,0, 1,"CRC_OK" , 32,"LORA",125000,"SF8"   ,"4/5",-104, -8.2,"02000000-A8050000-00000000-00000000-00000000-00000000-00000000-00000000"
"AA555A0000000101","","2019-11-14 10:41:54.629Z", 625479164, 864100000,0, 0,"CRC_OK" , 32,"LORA",125000,"SF8"   ,"4/5",-106, -7.2,"01000000-A9050000-00000000-00000000-00000000-00000000-00000000-00000000"
"AA555A0000000101","","2019-11-14 10:42:01.186Z", 632034884, 864300000,0, 1,"CRC_OK" , 32,"LORA",125000,"SF8"   ,"4/5",-107, -9.2,"02000000-A9050000-00000000-00000000-00000000-00000000-00000000-00000000"
"AA555A0000000101","","2019-11-14 10:42:04.639Z", 635489676, 864100000,0, 0,"CRC_OK" , 32,"LORA",125000,"SF8"   ,"4/5",-108, -7.8,"01000000-AA050000-00000000-00000000-00000000-00000000-00000000-00000000"
"AA555A0000000101","","2019-11-14 10:42:11.194Z", 642045380, 864300000,0, 1,"CRC_OK" , 32,"LORA",125000,"SF8"   ,"4/5",-106, -6.8,"02000000-AA050000-00000000-00000000-00000000-00000000-00000000-00000000"
"AA555A0000000101","","2019-11-14 10:42:14.651Z", 645500188, 864100000,0, 0,"CRC_OK" , 32,"LORA",125000,"SF8"   ,"4/5",-105, -7.5,"01000000-AB050000-00000000-00000000-00000000-00000000-00000000-00000000"
"AA555A0000000101","","2019-11-14 10:42:21.206Z", 652055876, 864300000,0, 1,"CRC_OK" , 32,"LORA",125000,"SF8"   ,"4/5",-107, -7.2,"02000000-AB050000-00000000-00000000-00000000-00000000-00000000-00000000"
"AA555A0000000101","","2019-11-14 10:42:24.660Z", 655510692, 864100000,0, 0,"CRC_OK" , 32,"LORA",125000,"SF8"   ,"4/5",-107, -8.5,"01000000-AC050000-00000000-00000000-00000000-00000000-00000000-00000000"
"AA555A0000000101","","2019-11-14 10:42:31.215Z", 662066364, 864300000,0, 1,"CRC_OK" , 32,"LORA",125000,"SF8"   ,"4/5",-106, -4.8,"02000000-AC050000-00000000-00000000-00000000-00000000-00000000-00000000"
"AA555A0000000101","","2019-11-14 10:42:41.227Z", 672076868, 864300000,0, 1,"CRC_OK" , 32,"LORA",125000,"SF8"   ,"4/5",-107, -5.2,"02000000-AD050000-00000000-00000000-00000000-00000000-00000000-00000000"
"AA555A0000000101","","2019-11-14 10:42:44.681Z", 675531708, 864100000,0, 0,"CRC_OK" , 32,"LORA",125000,"SF8"   ,"4/5",-108,-11.8,"01000000-AE050000-00000000-00000000-00000000-00000000-00000000-00000000"
"AA555A0000000101","","2019-11-14 10:42:51.236Z", 682087356, 864300000,0, 1,"CRC_OK" , 32,"LORA",125000,"SF8"   ,"4/5",-106, -4.8,"02000000-AE050000-00000000-00000000-00000000-00000000-00000000-00000000"
"AA555A0000000101","","2019-11-14 10:42:54.693Z", 685542220, 864100000,0, 0,"CRC_OK" , 32,"LORA",125000,"SF8"   ,"4/5",-107,-10.5,"01000000-AF050000-00000000-00000000-00000000-00000000-00000000-00000000"
"AA555A0000000101","","2019-11-14 10:43:01.248Z", 692097852, 864300000,0, 1,"CRC_OK" , 32,"LORA",125000,"SF8"   ,"4/5",-105, -5.2,"02000000-AF050000-00000000-00000000-00000000-00000000-00000000-00000000"
"AA555A0000000101","","2019-11-14 10:43:11.260Z", 702108356, 864300000,0, 1,"CRC_OK" , 32,"LORA",125000,"SF8"   ,"4/5",-105, -3.5,"02000000-B0050000-00000000-00000000-00000000-00000000-00000000-00000000"
"AA555A0000000101","","2019-11-14 10:43:14.713Z", 705563228, 864100000,0, 0,"CRC_OK" , 32,"LORA",125000,"SF8"   ,"4/5",-107, -6.5,"01000000-B1050000-00000000-00000000-00000000-00000000-00000000-00000000"
"AA555A0000000101","","2019-11-14 10:43:21.268Z", 712118844, 864300000,0, 1,"CRC_OK" , 32,"LORA",125000,"SF8"   ,"4/5",-105, -4.0,"02000000-B1050000-00000000-00000000-00000000-00000000-00000000-00000000"
"AA555A0000000101","","2019-11-14 10:43:24.725Z", 715573740, 864100000,0, 0,"CRC_OK" , 32,"LORA",125000,"SF8"   ,"4/5",-107, -7.2,"01000000-B2050000-00000000-00000000-00000000-00000000-00000000-00000000"
"AA555A0000000101","","2019-11-14 10:43:31.280Z", 722129348, 864300000,0, 1,"CRC_OK" , 32,"LORA",125000,"SF8"   ,"4/5",-105, -5.2,"02000000-B2050000-00000000-00000000-00000000-00000000-00000000-00000000"
"AA555A0000000101","","2019-11-14 10:43:41.290Z", 732139844, 864300000,0, 1,"CRC_OK" , 32,"LORA",125000,"SF8"   ,"4/5",-103, -4.2,"02000000-B3050000-00000000-00000000-00000000-00000000-00000000-00000000"
"AA555A0000000101","","2019-11-14 10:43:51.301Z", 742150324, 864300000,0, 1,"CRC_OK" , 32,"LORA",125000,"SF8"   ,"4/5",-104, -3.5,"02000000-B4050000-00000000-00000000-00000000-00000000-00000000-00000000"
"AA555A0000000101","","2019-11-14 10:44:01.310Z", 752160828, 864300000,0, 1,"CRC_OK" , 32,"LORA",125000,"SF8"   ,"4/5",-103, -2.5,"02000000-B5050000-00000000-00000000-00000000-00000000-00000000-00000000"
"AA555A0000000101","","2019-11-14 10:44:11.321Z", 762171324, 864300000,0, 1,"CRC_OK" , 32,"LORA",125000,"SF8"   ,"4/5",-106, -3.0,"02000000-B6050000-00000000-00000000-00000000-00000000-00000000-00000000"
"AA555A0000000101","","2019-11-14 10:44:21.332Z", 772181812, 864300000,0, 1,"CRC_OK" , 32,"LORA",125000,"SF8"   ,"4/5",-106, -2.5,"02000000-B7050000-00000000-00000000-00000000-00000000-00000000-00000000"
"AA555A0000000101","","2019-11-14 10:44:31.343Z", 782192308, 864300000,0, 1,"CRC_OK" , 32,"LORA",125000,"SF8"   ,"4/5",-106, -7.5,"02000000-B8050000-00000000-00000000-00000000-00000000-00000000-00000000"
"AA555A0000000101","","2019-11-14 10:44:34.797Z", 785647300, 864100000,0, 0,"CRC_OK" , 32,"LORA",125000,"SF8"   ,"4/5",-106, -6.2,"01000000-B9050000-00000000-00000000-00000000-00000000-00000000-00000000"
"AA555A0000000101","","2019-11-14 10:44:41.353Z", 792202812, 864300000,0, 1,"CRC_OK" , 32,"LORA",125000,"SF8"   ,"4/5",-106, -5.5,"02000000-B9050000-00000000-00000000-00000000-00000000-00000000-00000000"
"AA555A0000000101","","2019-11-14 10:44:44.807Z", 795657812, 864100000,0, 0,"CRC_OK" , 32,"LORA",125000,"SF8"   ,"4/5",-107, -7.0,"01000000-BA050000-00000000-00000000-00000000-00000000-00000000-00000000"
"AA555A0000000101","","2019-11-14 10:44:51.362Z", 802213308, 864300000,0, 1,"CRC_OK" , 32,"LORA",125000,"SF8"   ,"4/5",-106, -7.8,"02000000-BA050000-00000000-00000000-00000000-00000000-00000000-00000000"
"AA555A0000000101","","2019-11-14 10:44:54.819Z", 805668316, 864100000,0, 0,"CRC_OK" , 32,"LORA",125000,"SF8"   ,"4/5",-107, -7.0,"01000000-BB050000-00000000-00000000-00000000-00000000-00000000-00000000"
"AA555A0000000101","","2019-11-14 10:45:01.375Z", 812223804, 864300000,0, 1,"CRC_OK" , 32,"LORA",125000,"SF8"   ,"4/5",-106, -7.2,"02000000-BB050000-00000000-00000000-00000000-00000000-00000000-00000000"
"AA555A0000000101","","2019-11-14 10:45:04.829Z", 815678828, 864100000,0, 0,"CRC_OK" , 32,"LORA",125000,"SF8"   ,"4/5",-106, -5.8,"01000000-BC050000-00000000-00000000-00000000-00000000-00000000-00000000"
"AA555A0000000101","","2019-11-14 10:45:11.384Z", 822234292, 864300000,0, 1,"CRC_OK" , 32,"LORA",125000,"SF8"   ,"4/5",-105, -5.5,"02000000-BC050000-00000000-00000000-00000000-00000000-00000000-00000000"
"AA555A0000000101","","2019-11-14 10:45:14.841Z", 825689332, 864100000,0, 0,"CRC_OK" , 32,"LORA",125000,"SF8"   ,"4/5",-108, -7.0,"01000000-BD050000-00000000-00000000-00000000-00000000-00000000-00000000"
"AA555A0000000101","","2019-11-14 10:45:21.396Z", 832244788, 864300000,0, 1,"CRC_OK" , 32,"LORA",125000,"SF8"   ,"4/5",-106, -4.5,"02000000-BD050000-00000000-00000000-00000000-00000000-00000000-00000000"
"AA555A0000000101","","2019-11-14 10:45:24.850Z", 835699836, 864100000,0, 0,"CRC_OK" , 32,"LORA",125000,"SF8"   ,"4/5",-105, -5.8,"01000000-BE050000-00000000-00000000-00000000-00000000-00000000-00000000"
"AA555A0000000101","","2019-11-14 10:45:31.404Z", 842255292, 864300000,0, 1,"CRC_OK" , 32,"LORA",125000,"SF8"   ,"4/5",-106, -5.0,"02000000-BE050000-00000000-00000000-00000000-00000000-00000000-00000000"
"AA555A0000000101","","2019-11-14 10:45:34.861Z", 845710356, 864100000,0, 0,"CRC_OK" , 32,"LORA",125000,"SF8"   ,"4/5",-108, -5.8,"01000000-BF050000-00000000-00000000-00000000-00000000-00000000-00000000"
"AA555A0000000101","","2019-11-14 10:45:41.416Z", 852265788, 864300000,0, 1,"CRC_OK" , 32,"LORA",125000,"SF8"   ,"4/5",-107, -4.0,"02000000-BF050000-00000000-00000000-00000000-00000000-00000000-00000000"
"AA555A0000000101","","2019-11-14 10:45:44.870Z", 855720868, 864100000,0, 0,"CRC_OK" , 32,"LORA",125000,"SF8"   ,"4/5",-107, -8.8,"01000000-C0050000-00000000-00000000-00000000-00000000-00000000-00000000"
"AA555A0000000101","","2019-11-14 10:45:51.428Z", 862276284, 864300000,0, 1,"CRC_OK" , 32,"LORA",125000,"SF8"   ,"4/5",-106, -4.2,"02000000-C0050000-00000000-00000000-00000000-00000000-00000000-00000000"
"AA555A0000000101","","2019-11-14 10:45:54.882Z", 865731364, 864100000,0, 0,"CRC_OK" , 32,"LORA",125000,"SF8"   ,"4/5",-106, -8.5,"01000000-C1050000-00000000-00000000-00000000-00000000-00000000-00000000"
"AA555A0000000101","","2019-11-14 10:46:01.438Z", 872286772, 864300000,0, 1,"CRC_OK" , 32,"LORA",125000,"SF8"   ,"4/5",-106, -3.2,"02000000-C1050000-00000000-00000000-00000000-00000000-00000000-00000000"
"AA555A0000000101","","2019-11-14 10:46:04.892Z", 875741884, 864100000,0, 0,"CRC_OK" , 32,"LORA",125000,"SF8"   ,"4/5",-108, -9.0,"01000000-C2050000-00000000-00000000-00000000-00000000-00000000-00000000"
"AA555A0000000101","","2019-11-14 10:46:11.447Z", 882297276, 864300000,0, 1,"CRC_OK" , 32,"LORA",125000,"SF8"   ,"4/5",-106, -4.0,"02000000-C2050000-00000000-00000000-00000000-00000000-00000000-00000000"
"AA555A0000000101","","2019-11-14 10:46:14.904Z", 885752396, 864100000,0, 0,"CRC_OK" , 32,"LORA",125000,"SF8"   ,"4/5",-107, -5.2,"01000000-C3050000-00000000-00000000-00000000-00000000-00000000-00000000"
"AA555A0000000101","","2019-11-14 10:46:21.458Z", 892307764, 864300000,0, 1,"CRC_OK" , 32,"LORA",125000,"SF8"   ,"4/5",-107, -4.5,"02000000-C3050000-00000000-00000000-00000000-00000000-00000000-00000000"
"AA555A0000000101","","2019-11-14 10:46:24.912Z", 895762900, 864100000,0, 0,"CRC_OK" , 32,"LORA",125000,"SF8"   ,"4/5",-106, -5.5,"01000000-C4050000-00000000-00000000-00000000-00000000-00000000-00000000"
"AA555A0000000101","","2019-11-14 10:46:31.470Z", 902318268, 864300000,0, 1,"CRC_OK" , 32,"LORA",125000,"SF8"   ,"4/5",-105, -4.5,"02000000-C4050000-00000000-00000000-00000000-00000000-00000000-00000000"
"AA555A0000000101","","2019-11-14 10:46:34.924Z", 905773412, 864100000,0, 0,"CRC_OK" , 32,"LORA",125000,"SF8"   ,"4/5",-107, -5.5,"01000000-C5050000-00000000-00000000-00000000-00000000-00000000-00000000"
"AA555A0000000101","","2019-11-14 10:46:41.478Z", 912328764, 864300000,0, 1,"CRC_OK" , 32,"LORA",125000,"SF8"   ,"4/5",-107, -4.5,"02000000-C5050000-00000000-00000000-00000000-00000000-00000000-00000000"
"AA555A0000000101","","2019-11-14 10:46:44.935Z", 915783916, 864100000,0, 0,"CRC_OK" , 32,"LORA",125000,"SF8"   ,"4/5",-105, -5.5,"01000000-C6050000-00000000-00000000-00000000-00000000-00000000-00000000"
"AA555A0000000101","","2019-11-14 10:46:51.490Z", 922339260, 864300000,0, 1,"CRC_OK" , 32,"LORA",125000,"SF8"   ,"4/5",-106, -4.8,"02000000-C6050000-00000000-00000000-00000000-00000000-00000000-00000000"
"AA555A0000000101","","2019-11-14 10:46:54.944Z", 925794428, 864100000,0, 0,"CRC_OK" , 32,"LORA",125000,"SF8"   ,"4/5",-105, -5.5,"01000000-C7050000-00000000-00000000-00000000-00000000-00000000-00000000"
"AA555A0000000101","","2019-11-14 10:47:01.500Z", 932349756, 864300000,0, 1,"CRC_OK" , 32,"LORA",125000,"SF8"   ,"4/5",-106, -4.5,"02000000-C7050000-00000000-00000000-00000000-00000000-00000000-00000000"
"AA555A0000000101","","2019-11-14 10:47:04.957Z", 935804940, 864100000,0, 0,"CRC_OK" , 32,"LORA",125000,"SF8"   ,"4/5",-106, -5.0,"01000000-C8050000-00000000-00000000-00000000-00000000-00000000-00000000"
"AA555A0000000101","","2019-11-14 10:47:11.512Z", 942360252, 864300000,0, 1,"CRC_OK" , 32,"LORA",125000,"SF8"   ,"4/5",-106, -5.0,"02000000-C8050000-00000000-00000000-00000000-00000000-00000000-00000000"
"AA555A0000000101","","2019-11-14 10:47:14.966Z", 945815444, 864100000,0, 0,"CRC_OK" , 32,"LORA",125000,"SF8"   ,"4/5",-108, -4.8,"01000000-C9050000-00000000-00000000-00000000-00000000-00000000-00000000"
"AA555A0000000101","","2019-11-14 10:47:21.521Z", 952370748, 864300000,0, 1,"CRC_OK" , 32,"LORA",125000,"SF8"   ,"4/5",-105, -5.5,"02000000-C9050000-00000000-00000000-00000000-00000000-00000000-00000000"
"AA555A0000000101","","2019-11-14 10:47:24.978Z", 955825956, 864100000,0, 0,"CRC_OK" , 32,"LORA",125000,"SF8"   ,"4/5",-107, -6.2,"01000000-CA050000-00000000-00000000-00000000-00000000-00000000-00000000"
"AA555A0000000101","","2019-11-14 10:47:31.532Z", 962381244, 864300000,0, 1,"CRC_OK" , 32,"LORA",125000,"SF8"   ,"4/5",-106, -6.5,"02000000-CA050000-00000000-00000000-00000000-00000000-00000000-00000000"
"AA555A0000000101","","2019-11-14 10:47:34.986Z", 965836468, 864100000,0, 0,"CRC_OK" , 32,"LORA",125000,"SF8"   ,"4/5",-106, -4.2,"01000000-CB050000-00000000-00000000-00000000-00000000-00000000-00000000"
"AA555A0000000101","","2019-11-14 10:47:41.544Z", 972391740, 864300000,0, 1,"CRC_OK" , 32,"LORA",125000,"SF8"   ,"4/5",-104, -7.2,"02000000-CB050000-00000000-00000000-00000000-00000000-00000000-00000000"
"AA555A0000000101","","2019-11-14 10:47:44.998Z", 975846972, 864100000,0, 0,"CRC_OK" , 32,"LORA",125000,"SF8"   ,"4/5",-107, -4.8,"01000000-CC050000-00000000-00000000-00000000-00000000-00000000-00000000"
"AA555A0000000101","","2019-11-14 10:47:51.553Z", 982402244, 864300000,0, 1,"CRC_OK" , 32,"LORA",125000,"SF8"   ,"4/5",-107, -6.5,"02000000-CC050000-00000000-00000000-00000000-00000000-00000000-00000000"
"AA555A0000000101","","2019-11-14 10:47:55.009Z", 985857484, 864100000,0, 0,"CRC_OK" , 32,"LORA",125000,"SF8"   ,"4/5",-107, -5.5,"01000000-CD050000-00000000-00000000-00000000-00000000-00000000-00000000"
"AA555A0000000101","","2019-11-14 10:48:01.563Z", 992412740, 864300000,0, 1,"CRC_OK" , 32,"LORA",125000,"SF8"   ,"4/5",-104, -6.0,"02000000-CD050000-00000000-00000000-00000000-00000000-00000000-00000000"
"AA555A0000000101","","2019-11-14 10:48:05.020Z", 995867996, 864100000,0, 0,"CRC_OK" , 32,"LORA",125000,"SF8"   ,"4/5",-107, -5.2,"01000000-CE050000-00000000-00000000-00000000-00000000-00000000-00000000"
"AA555A0000000101","","2019-11-14 10:48:11.575Z",1002423228, 864300000,0, 1,"CRC_OK" , 32,"LORA",125000,"SF8"   ,"4/5",-107, -5.2,"02000000-CE050000-00000000-00000000-00000000-00000000-00000000-00000000"
"AA555A0000000101","","2019-11-14 10:48:15.029Z",1005878500, 864100000,0, 0,"CRC_OK" , 32,"LORA",125000,"SF8"   ,"4/5",-107, -5.0,"01000000-CF050000-00000000-00000000-00000000-00000000-00000000-00000000"
"AA555A0000000101","","2019-11-14 10:48:21.584Z",1012433732, 864300000,0, 1,"CRC_OK" , 32,"LORA",125000,"SF8"   ,"4/5",-106, -6.0,"02000000-CF050000-00000000-00000000-00000000-00000000-00000000-00000000"
"AA555A0000000101","","2019-11-14 10:48:25.040Z",1015889012, 864100000,0, 0,"CRC_OK" , 32,"LORA",125000,"SF8"   ,"4/5",-107, -5.5,"01000000-D0050000-00000000-00000000-00000000-00000000-00000000-00000000"
"AA555A0000000101","","2019-11-14 10:48:31.596Z",1022444228, 864300000,0, 1,"CRC_OK" , 32,"LORA",125000,"SF8"   ,"4/5",-105,-10.0,"02000000-D0050000-00000000-00000000-00000000-00000000-00000000-00000000"
"AA555A0000000101","","2019-11-14 10:48:41.605Z",1032454724, 864300000,0, 1,"CRC_OK" , 32,"LORA",125000,"SF8"   ,"4/5",-108, -8.0,"02000000-D1050000-00000000-00000000-00000000-00000000-00000000-00000000"
"AA555A0000000101","","2019-11-14 10:49:41.668Z",1092517700, 864300000,0, 1,"CRC_OK" , 32,"LORA",125000,"SF8"   ,"4/5",-105, -9.8,"02000000-D7050000-00000000-00000000-00000000-00000000-00000000-00000000"
"AA555A0000000101","","2019-11-14 10:49:51.680Z",1102528204, 864300000,0, 1,"CRC_OK" , 32,"LORA",125000,"SF8"   ,"4/5",-105, -9.2,"02000000-D8050000-00000000-00000000-00000000-00000000-00000000-00000000"
"AA555A0000000101","","2019-11-14 10:50:01.689Z",1112538692, 864300000,0, 1,"CRC_OK" , 32,"LORA",125000,"SF8"   ,"4/5",-103, -9.8,"02000000-D9050000-00000000-00000000-00000000-00000000-00000000-00000000"
"AA555A0000000101","","2019-11-14 10:50:11.700Z",1122549188, 864300000,0, 1,"CRC_OK" , 32,"LORA",125000,"SF8"   ,"4/5",-105,-11.2,"02000000-DA050000-00000000-00000000-00000000-00000000-00000000-00000000"
"AA555A0000000101","","2019-11-14 10:50:51.744Z",1162591188, 864300000,0, 1,"CRC_OK" , 32,"LORA",125000,"SF8"   ,"4/5",-105, -9.5,"02000000-DE050000-00000000-00000000-00000000-00000000-00000000-00000000"
"AA555A0000000101","","2019-11-14 10:51:01.752Z",1172601684, 864300000,0, 1,"CRC_OK" , 32,"LORA",125000,"SF8"   ,"4/5",-107, -7.2,"02000000-DF050000-00000000-00000000-00000000-00000000-00000000-00000000"
"AA555A0000000101","","2019-11-14 10:51:15.219Z",1186067692, 864100000,0, 0,"CRC_OK" , 32,"LORA",125000,"SF8"   ,"4/5",-106,-10.2,"01000000-E1050000-00000000-00000000-00000000-00000000-00000000-00000000"
"AA555A0000000101","","2019-11-14 10:51:41.795Z",1212643668, 864300000,0, 1,"CRC_OK" , 32,"LORA",125000,"SF8"   ,"4/5",-108, -6.2,"02000000-E3050000-00000000-00000000-00000000-00000000-00000000-00000000"
"AA555A0000000101","","2019-11-14 10:51:51.806Z",1222654172, 864300000,0, 1,"CRC_OK" , 32,"LORA",125000,"SF8"   ,"4/5",-105, -9.2,"02000000-E4050000-00000000-00000000-00000000-00000000-00000000-00000000"
"AA555A0000000101","","2019-11-14 10:52:01.815Z",1232664668, 864300000,0, 1,"CRC_OK" , 32,"LORA",125000,"SF8"   ,"4/5",-105, -9.2,"02000000-E5050000-00000000-00000000-00000000-00000000-00000000-00000000"
"AA555A0000000101","","2019-11-14 10:52:05.271Z",1236120236, 864100000,0, 0,"CRC_OK" , 32,"LORA",125000,"SF8"   ,"4/5",-106,-10.2,"01000000-E6050000-00000000-00000000-00000000-00000000-00000000-00000000"
"AA555A0000000101","","2019-11-14 10:52:11.827Z",1242675156, 864300000,0, 1,"CRC_OK" , 32,"LORA",125000,"SF8"   ,"4/5",-106, -5.2,"02000000-E6050000-00000000-00000000-00000000-00000000-00000000-00000000"
"AA555A0000000101","","2019-11-14 10:52:15.281Z",1246130740, 864100000,0, 0,"CRC_OK" , 32,"LORA",125000,"SF8"   ,"4/5",-106, -7.8,"01000000-E7050000-00000000-00000000-00000000-00000000-00000000-00000000"
"AA555A0000000101","","2019-11-14 10:52:21.837Z",1252685652, 864300000,0, 1,"CRC_OK" , 32,"LORA",125000,"SF8"   ,"4/5",-108, -6.8,"02000000-E7050000-00000000-00000000-00000000-00000000-00000000-00000000"
"AA555A0000000101","","2019-11-14 10:52:25.293Z",1256141260, 864100000,0, 0,"CRC_OK" , 32,"LORA",125000,"SF8"   ,"4/5",-108, -5.0,"01000000-E8050000-00000000-00000000-00000000-00000000-00000000-00000000"
"AA555A0000000101","","2019-11-14 10:52:35.303Z",1266151772, 864100000,0, 0,"CRC_OK" , 32,"LORA",125000,"SF8"   ,"4/5",-106, -6.8,"01000000-E9050000-00000000-00000000-00000000-00000000-00000000-00000000"
"AA555A0000000101","","2019-11-14 10:52:45.315Z",1276162276, 864100000,0, 0,"CRC_OK" , 32,"LORA",125000,"SF8"   ,"4/5",-106, -8.2,"01000000-EA050000-00000000-00000000-00000000-00000000-00000000-00000000"
"AA555A0000000101","","2019-11-14 10:52:51.868Z",1282717156, 864300000,0, 1,"CRC_OK" , 32,"LORA",125000,"SF8"   ,"4/5",-105, -4.8,"02000000-EA050000-00000000-00000000-00000000-00000000-00000000-00000000"
"AA555A0000000101","","2019-11-14 10:52:55.326Z",1286172788, 864100000,0, 0,"CRC_OK" , 32,"LORA",125000,"SF8"   ,"4/5",-108, -9.8,"01000000-EB050000-00000000-00000000-00000000-00000000-00000000-00000000"
"AA555A0000000101","","2019-11-14 10:53:01.880Z",1292727644, 864300000,0, 1,"CRC_OK" , 32,"LORA",125000,"SF8"   ,"4/5",-107, -4.8,"02000000-EB050000-00000000-00000000-00000000-00000000-00000000-00000000"
"AA555A0000000101","","2019-11-14 10:53:05.335Z",1296183300, 864100000,0, 0,"CRC_OK" , 32,"LORA",125000,"SF8"   ,"4/5",-107, -2.8,"01000000-EC050000-00000000-00000000-00000000-00000000-00000000-00000000"
"AA555A0000000101","","2019-11-14 10:53:11.892Z",1302738148, 864300000,0, 1,"CRC_OK" , 32,"LORA",125000,"SF8"   ,"4/5",-109, -3.8,"02000000-EC050000-00000000-00000000-00000000-00000000-00000000-00000000"
"AA555A0000000101","","2019-11-14 10:53:15.347Z",1306193812, 864100000,0, 0,"CRC_OK" , 32,"LORA",125000,"SF8"   ,"4/5",-106,-10.8,"01000000-ED050000-00000000-00000000-00000000-00000000-00000000-00000000"
"AA555A0000000101","","2019-11-14 10:53:21.900Z",1312748644, 864300000,0, 1,"CRC_OK" , 32,"LORA",125000,"SF8"   ,"4/5",-108, -4.8,"02000000-ED050000-00000000-00000000-00000000-00000000-00000000-00000000"
"AA555A0000000101","","2019-11-14 10:53:35.366Z",1326214836, 864100000,0, 0,"CRC_OK" , 32,"LORA",125000,"SF8"   ,"4/5",-108, -6.2,"01000000-EF050000-00000000-00000000-00000000-00000000-00000000-00000000"
"AA555A0000000101","","2019-11-14 10:53:41.922Z",1332769636, 864300000,0, 1,"CRC_OK" , 32,"LORA",125000,"SF8"   ,"4/5",-107, -9.0,"02000000-EF050000-00000000-00000000-00000000-00000000-00000000-00000000"
"AA555A0000000101","","2019-11-14 10:53:45.377Z",1336225348, 864100000,0, 0,"CRC_OK" , 32,"LORA",125000,"SF8"   ,"4/5",-107, -7.8,"01000000-F0050000-00000000-00000000-00000000-00000000-00000000-00000000"
"AA555A0000000101","","2019-11-14 10:53:51.934Z",1342780140, 864300000,0, 1,"CRC_OK" , 32,"LORA",125000,"SF8"   ,"4/5",-105, -8.8,"02000000-F0050000-00000000-00000000-00000000-00000000-00000000-00000000"
"AA555A0000000101","","2019-11-14 10:53:55.388Z",1346235852, 864100000,0, 0,"CRC_OK" , 32,"LORA",125000,"SF8"   ,"4/5",-106, -4.2,"01000000-F1050000-00000000-00000000-00000000-00000000-00000000-00000000"
"AA555A0000000101","","2019-11-14 10:54:01.942Z",1352790628, 864300000,0, 1,"CRC_OK" , 32,"LORA",125000,"SF8"   ,"4/5",-105, -5.5,"02000000-F1050000-00000000-00000000-00000000-00000000-00000000-00000000"
"AA555A0000000101","","2019-11-14 10:54:05.399Z",1356246364, 864100000,0, 0,"CRC_OK" , 32,"LORA",125000,"SF8"   ,"4/5",-107, -6.0,"01000000-F2050000-00000000-00000000-00000000-00000000-00000000-00000000"
"AA555A0000000101","","2019-11-14 10:54:11.953Z",1362801124, 864300000,0, 1,"CRC_OK" , 32,"LORA",125000,"SF8"   ,"4/5",-106, -6.8,"02000000-F2050000-00000000-00000000-00000000-00000000-00000000-00000000"
"AA555A0000000101","","2019-11-14 10:54:15.408Z",1366256884, 864100000,0, 0,"CRC_OK" , 32,"LORA",125000,"SF8"   ,"4/5",-106, -5.2,"01000000-F3050000-00000000-00000000-00000000-00000000-00000000-00000000"
"AA555A0000000101","","2019-11-14 10:54:21.964Z",1372811628, 864300000,0, 1,"CRC_OK" , 32,"LORA",125000,"SF8"   ,"4/5",-107, -7.2,"02000000-F3050000-00000000-00000000-00000000-00000000-00000000-00000000"
"AA555A0000000101","","2019-11-14 10:54:25.419Z",1376267396, 864100000,0, 0,"CRC_OK" , 32,"LORA",125000,"SF8"   ,"4/5",-107, -4.0,"01000000-F4050000-00000000-00000000-00000000-00000000-00000000-00000000"
"AA555A0000000101","","2019-11-14 10:54:31.975Z",1382822124, 864300000,0, 1,"CRC_OK" , 32,"LORA",125000,"SF8"   ,"4/5",-103, -8.8,"02000000-F4050000-00000000-00000000-00000000-00000000-00000000-00000000"
"AA555A0000000101","","2019-11-14 10:54:35.430Z",1386277900, 864100000,0, 0,"CRC_OK" , 32,"LORA",125000,"SF8"   ,"4/5",-106, -4.2,"01000000-F5050000-00000000-00000000-00000000-00000000-00000000-00000000"
"AA555A0000000101","","2019-11-14 10:54:41.984Z",1392832620, 864300000,0, 1,"CRC_OK" , 32,"LORA",125000,"SF8"   ,"4/5",-107, -7.2,"02000000-F5050000-00000000-00000000-00000000-00000000-00000000-00000000"
"AA555A0000000101","","2019-11-14 10:54:45.442Z",1396288420, 864100000,0, 0,"CRC_OK" , 32,"LORA",125000,"SF8"   ,"4/5",-106, -5.8,"01000000-F6050000-00000000-00000000-00000000-00000000-00000000-00000000"
"AA555A0000000101","","2019-11-14 10:54:51.995Z",1402843116, 864300000,0, 1,"CRC_OK" , 32,"LORA",125000,"SF8"   ,"4/5",-104, -8.5,"02000000-F6050000-00000000-00000000-00000000-00000000-00000000-00000000"
"AA555A0000000101","","2019-11-14 10:54:55.453Z",1406298932, 864100000,0, 0,"CRC_OK" , 32,"LORA",125000,"SF8"   ,"4/5",-107, -3.2,"01000000-F7050000-00000000-00000000-00000000-00000000-00000000-00000000"
"AA555A0000000101","","2019-11-14 10:55:02.007Z",1412853612, 864300000,0, 1,"CRC_OK" , 32,"LORA",125000,"SF8"   ,"4/5",-108,-10.2,"02000000-F7050000-00000000-00000000-00000000-00000000-00000000-00000000"
"AA555A0000000101","","2019-11-14 10:55:05.463Z",1416309436, 864100000,0, 0,"CRC_OK" , 32,"LORA",125000,"SF8"   ,"4/5",-106, -6.0,"01000000-F8050000-00000000-00000000-00000000-00000000-00000000-00000000"
"AA555A0000000101","","2019-11-14 10:55:12.015Z",1422864116, 864300000,0, 1,"CRC_OK" , 32,"LORA",125000,"SF8"   ,"4/5",-105, -2.8,"02000000-F8050000-00000000-00000000-00000000-00000000-00000000-00000000"
"AA555A0000000101","","2019-11-14 10:55:15.471Z",1426319948, 864100000,0, 0,"CRC_OK" , 32,"LORA",125000,"SF8"   ,"4/5",-106, -5.0,"01000000-F9050000-00000000-00000000-00000000-00000000-00000000-00000000"
"AA555A0000000101","","2019-11-14 10:55:22.027Z",1432874612, 864300000,0, 1,"CRC_OK" , 32,"LORA",125000,"SF8"   ,"4/5",-105, -7.0,"02000000-F9050000-00000000-00000000-00000000-00000000-00000000-00000000"
"AA555A0000000101","","2019-11-14 10:55:25.483Z",1436330460, 864100000,0, 0,"CRC_OK" , 32,"LORA",125000,"SF8"   ,"4/5",-108, -5.5,"01000000-FA050000-00000000-00000000-00000000-00000000-00000000-00000000"
"AA555A0000000101","","2019-11-14 10:55:32.039Z",1442885116, 864300000,0, 1,"CRC_OK" , 32,"LORA",125000,"SF8"   ,"4/5",-105,-11.0,"02000000-FA050000-00000000-00000000-00000000-00000000-00000000-00000000"
"AA555A0000000101","","2019-11-14 10:55:42.047Z",1452895604, 864300000,0, 1,"CRC_OK" , 32,"LORA",125000,"SF8"   ,"4/5",-105, -4.5,"02000000-FB050000-00000000-00000000-00000000-00000000-00000000-00000000"
"AA555A0000000101","","2019-11-14 10:55:45.503Z",1456351484, 864100000,0, 0,"CRC_OK" , 32,"LORA",125000,"SF8"   ,"4/5",-108, -4.2,"01000000-FC050000-00000000-00000000-00000000-00000000-00000000-00000000"
"AA555A0000000101","","2019-11-14 10:55:52.059Z",1462906108, 864300000,0, 1,"CRC_OK" , 32,"LORA",125000,"SF8"   ,"4/5",-105, -8.5,"02000000-FC050000-00000000-00000000-00000000-00000000-00000000-00000000"
"AA555A0000000101","","2019-11-14 10:55:55.515Z",1466361988, 864100000,0, 0,"CRC_OK" , 32,"LORA",125000,"SF8"   ,"4/5",-106, -4.8,"01000000-FD050000-00000000-00000000-00000000-00000000-00000000-00000000"
"AA555A0000000101","","2019-11-14 10:56:02.068Z",1472916604, 864300000,0, 1,"CRC_OK" , 32,"LORA",125000,"SF8"   ,"4/5",-107, -7.2,"02000000-FD050000-00000000-00000000-00000000-00000000-00000000-00000000"
"AA555A0000000101","","2019-11-14 10:56:05.526Z",1476372500, 864100000,0, 0,"CRC_OK" , 32,"LORA",125000,"SF8"   ,"4/5",-107, -4.2,"01000000-FE050000-00000000-00000000-00000000-00000000-00000000-00000000"
"AA555A0000000101","","2019-11-14 10:56:12.079Z",1482927108, 864300000,0, 1,"CRC_OK" , 32,"LORA",125000,"SF8"   ,"4/5",-103, -6.2,"02000000-FE050000-00000000-00000000-00000000-00000000-00000000-00000000"
"AA555A0000000101","","2019-11-14 10:56:15.534Z",1486383020, 864100000,0, 0,"CRC_OK" , 32,"LORA",125000,"SF8"   ,"4/5",-106, -4.5,"01000000-FF050000-00000000-00000000-00000000-00000000-00000000-00000000"
"AA555A0000000101","","2019-11-14 10:56:22.091Z",1492937596, 864300000,0, 1,"CRC_OK" , 32,"LORA",125000,"SF8"   ,"4/5",-105, -6.0,"02000000-FF050000-00000000-00000000-00000000-00000000-00000000-00000000"
"AA555A0000000101","","2019-11-14 10:56:25.546Z",1496393524, 864100000,0, 0,"CRC_OK" , 32,"LORA",125000,"SF8"   ,"4/5",-107, -5.8,"01000000-00060000-00000000-00000000-00000000-00000000-00000000-00000000"
"AA555A0000000101","","2019-11-14 10:56:32.102Z",1502948100, 864300000,0, 1,"CRC_OK" , 32,"LORA",125000,"SF8"   ,"4/5",-106, -6.2,"02000000-00060000-00000000-00000000-00000000-00000000-00000000-00000000"
"AA555A0000000101","","2019-11-14 10:56:35.557Z",1506404036, 864100000,0, 0,"CRC_OK" , 32,"LORA",125000,"SF8"   ,"4/5",-107, -5.5,"01000000-01060000-00000000-00000000-00000000-00000000-00000000-00000000"
"AA555A0000000101","","2019-11-14 10:56:42.110Z",1512958596, 864300000,0, 1,"CRC_OK" , 32,"LORA",125000,"SF8"   ,"4/5",-100, -7.8,"02000000-01060000-00000000-00000000-00000000-00000000-00000000-00000000"
"AA555A0000000101","","2019-11-14 10:56:45.568Z",1516414548, 864100000,0, 0,"CRC_OK" , 32,"LORA",125000,"SF8"   ,"4/5",-107, -7.0,"01000000-02060000-00000000-00000000-00000000-00000000-00000000-00000000"
"AA555A0000000101","","2019-11-14 10:56:52.122Z",1522969092, 864300000,0, 1,"CRC_OK" , 32,"LORA",125000,"SF8"   ,"4/5",-105, -4.8,"02000000-02060000-00000000-00000000-00000000-00000000-00000000-00000000"
"AA555A0000000101","","2019-11-14 10:57:02.134Z",1532979596, 864300000,0, 1,"CRC_OK" , 32,"LORA",125000,"SF8"   ,"4/5",-107, -5.0,"02000000-03060000-00000000-00000000-00000000-00000000-00000000-00000000"
"AA555A0000000101","","2019-11-14 10:57:05.587Z",1536435572, 864100000,0, 0,"CRC_OK" , 32,"LORA",125000,"SF8"   ,"4/5",-108, -8.2,"01000000-04060000-00000000-00000000-00000000-00000000-00000000-00000000"
"AA555A0000000101","","2019-11-14 10:57:12.142Z",1542990092, 864300000,0, 1,"CRC_OK" , 32,"LORA",125000,"SF8"   ,"4/5",-105, -6.0,"02000000-04060000-00000000-00000000-00000000-00000000-00000000-00000000"
"AA555A0000000101","","2019-11-14 10:57:15.598Z",1546446084, 864100000,0, 0,"CRC_OK" , 32,"LORA",125000,"SF8"   ,"4/5",-108, -9.5,"01000000-05060000-00000000-00000000-00000000-00000000-00000000-00000000"
"AA555A0000000101","","2019-11-14 10:57:22.152Z",1553000588, 864300000,0, 1,"CRC_OK" , 32,"LORA",125000,"SF8"   ,"4/5",-106, -6.8,"02000000-05060000-00000000-00000000-00000000-00000000-00000000-00000000"
"AA555A0000000101","","2019-11-14 10:57:32.163Z",1563011084, 864300000,0, 1,"CRC_OK" , 32,"LORA",125000,"SF8"   ,"4/5",-107, -7.0,"02000000-06060000-00000000-00000000-00000000-00000000-00000000-00000000"
"AA555A0000000101","","2019-11-14 10:57:35.620Z",1566467108, 864100000,0, 0,"CRC_OK" , 32,"LORA",125000,"SF8"   ,"4/5",-109,-10.8,"01000000-07060000-00000000-00000000-00000000-00000000-00000000-00000000"
"AA555A0000000101","","2019-11-14 10:57:42.175Z",1573021588, 864300000,0, 1,"CRC_OK" , 32,"LORA",125000,"SF8"   ,"4/5",-103, -5.2,"02000000-07060000-00000000-00000000-00000000-00000000-00000000-00000000"
"AA555A0000000101","","2019-11-14 10:57:45.630Z",1576477620, 864100000,0, 0,"CRC_OK" , 32,"LORA",125000,"SF8"   ,"4/5",-107, -9.5,"01000000-08060000-00000000-00000000-00000000-00000000-00000000-00000000"
"AA555A0000000101","","2019-11-14 10:57:52.185Z",1583032084, 864300000,0, 1,"CRC_OK" , 32,"LORA",125000,"SF8"   ,"4/5",-105, -5.5,"02000000-08060000-00000000-00000000-00000000-00000000-00000000-00000000"
"AA555A0000000101","","2019-11-14 10:58:02.196Z",1593042580, 864300000,0, 1,"CRC_OK" , 32,"LORA",125000,"SF8"   ,"4/5",-104, -6.0,"02000000-09060000-00000000-00000000-00000000-00000000-00000000-00000000"
"AA555A0000000101","","2019-11-14 10:58:12.207Z",1603053084, 864300000,0, 1,"CRC_OK" , 32,"LORA",125000,"SF8"   ,"4/5",-105, -7.5,"02000000-0A060000-00000000-00000000-00000000-00000000-00000000-00000000"
"AA555A0000000101","","2019-11-14 10:58:15.662Z",1606509156, 864100000,0, 0,"CRC_OK" , 32,"LORA",125000,"SF8"   ,"4/5",-108,-10.2,"01000000-0B060000-00000000-00000000-00000000-00000000-00000000-00000000"
"AA555A0000000101","","2019-11-14 10:58:22.215Z",1613063580, 864300000,0, 1,"CRC_OK" , 32,"LORA",125000,"SF8"   ,"4/5",-105, -8.2,"02000000-0B060000-00000000-00000000-00000000-00000000-00000000-00000000"
"AA555A0000000101","","2019-11-14 10:58:32.226Z",1623074068, 864300000,0, 1,"CRC_OK" , 32,"LORA",125000,"SF8"   ,"4/5",-105, -5.2,"02000000-0C060000-00000000-00000000-00000000-00000000-00000000-00000000"
"AA555A0000000101","","2019-11-14 10:58:35.683Z",1626530172, 864100000,0, 0,"CRC_OK" , 32,"LORA",125000,"SF8"   ,"4/5",-107, -7.5,"01000000-0D060000-00000000-00000000-00000000-00000000-00000000-00000000"
"AA555A0000000101","","2019-11-14 10:58:42.237Z",1633084572, 864300000,0, 1,"CRC_OK" , 32,"LORA",125000,"SF8"   ,"4/5",-102, -7.8,"02000000-0D060000-00000000-00000000-00000000-00000000-00000000-00000000"
"AA555A0000000101","","2019-11-14 10:58:52.248Z",1643095068, 864300000,0, 1,"CRC_OK" , 32,"LORA",125000,"SF8"   ,"4/5",-105, -7.5,"02000000-0E060000-00000000-00000000-00000000-00000000-00000000-00000000"
"AA555A0000000101","","2019-11-14 10:58:55.704Z",1646551204, 864100000,0, 0,"CRC_OK" , 32,"LORA",125000,"SF8"   ,"4/5",-105,-11.2,"01000000-0F060000-00000000-00000000-00000000-00000000-00000000-00000000"
